,0,1
0,2022-11-03 20:24:49.136185,133.0
1,2022-11-03 20:24:49.160186,133.0
2,2022-11-03 20:24:49.184185,133.0
3,2022-11-03 20:24:49.209187,133.0
4,2022-11-03 20:24:49.236184,133.0
5,2022-11-03 20:24:49.239184,133.0
6,2022-11-03 20:24:49.262185,133.0
7,2022-11-03 20:24:49.285184,133.0
8,2022-11-03 20:24:49.312210,133.0
9,2022-11-03 20:24:49.337209,133.0
10,2022-11-03 20:24:49.363210,133.0
11,2022-11-03 20:24:49.387210,133.0
12,2022-11-03 20:24:49.412209,133.0
13,2022-11-03 20:24:49.439210,133.0
14,2022-11-03 20:24:49.464212,133.0
15,2022-11-03 20:24:49.489210,133.0
16,2022-11-03 20:24:49.516211,134.0
17,2022-11-03 20:24:49.544210,134.0
18,2022-11-03 20:24:49.568209,134.0
19,2022-11-03 20:24:49.593210,134.0
20,2022-11-03 20:24:49.618209,134.0
21,2022-11-03 20:24:49.644210,134.0
22,2022-11-03 20:24:49.668630,134.0
23,2022-11-03 20:24:49.695634,134.0
24,2022-11-03 20:24:49.722634,134.0
25,2022-11-03 20:24:49.754074,134.0
26,2022-11-03 20:24:49.789715,134.0
27,2022-11-03 20:24:49.818872,134.0
28,2022-11-03 20:24:49.853992,134.0
29,2022-11-03 20:24:49.881987,134.0
30,2022-11-03 20:24:49.911463,134.0
31,2022-11-03 20:24:49.937459,134.0
32,2022-11-03 20:24:49.967520,134.0
33,2022-11-03 20:24:49.994521,134.0
34,2022-11-03 20:24:50.021520,134.0
35,2022-11-03 20:24:50.050520,134.0
36,2022-11-03 20:24:50.079522,133.0
37,2022-11-03 20:24:50.105519,133.0
38,2022-11-03 20:24:50.132520,133.0
39,2022-11-03 20:24:50.157525,133.0
40,2022-11-03 20:24:50.186520,133.0
41,2022-11-03 20:24:50.211521,133.0
42,2022-11-03 20:24:50.236519,133.0
43,2022-11-03 20:24:50.264520,133.0
44,2022-11-03 20:24:50.291522,133.0
45,2022-11-03 20:24:50.318820,133.0
46,2022-11-03 20:24:50.345823,133.0
47,2022-11-03 20:24:50.372818,133.0
48,2022-11-03 20:24:50.403818,133.0
49,2022-11-03 20:24:50.435144,133.0
50,2022-11-03 20:24:50.462147,133.0
51,2022-11-03 20:24:50.488144,133.0
52,2022-11-03 20:24:50.517249,133.0
53,2022-11-03 20:24:50.546693,133.0
54,2022-11-03 20:24:50.575694,133.0
55,2022-11-03 20:24:50.605700,133.0
56,2022-11-03 20:24:50.636694,133.0
57,2022-11-03 20:24:50.666693,133.0
58,2022-11-03 20:24:50.695695,133.0
59,2022-11-03 20:24:50.723694,133.0
60,2022-11-03 20:24:50.753693,133.0
61,2022-11-03 20:24:50.783693,133.0
62,2022-11-03 20:24:50.812693,133.0
63,2022-11-03 20:24:50.841696,133.0
64,2022-11-03 20:24:50.870697,133.0
65,2022-11-03 20:24:50.900856,133.0
66,2022-11-03 20:24:50.931856,133.0
67,2022-11-03 20:24:50.961868,133.0
68,2022-11-03 20:24:50.991901,133.0
69,2022-11-03 20:24:51.021901,133.0
70,2022-11-03 20:24:51.050900,133.0
71,2022-11-03 20:24:51.083940,134.0
72,2022-11-03 20:24:51.112940,134.0
73,2022-11-03 20:24:51.142940,134.0
74,2022-11-03 20:24:51.175943,134.0
75,2022-11-03 20:24:51.207944,134.0
76,2022-11-03 20:24:51.238940,134.0
77,2022-11-03 20:24:51.270941,134.0
78,2022-11-03 20:24:51.300943,134.0
79,2022-11-03 20:24:51.331940,134.0
80,2022-11-03 20:24:51.360941,134.0
81,2022-11-03 20:24:51.389940,134.0
82,2022-11-03 20:24:51.419940,134.0
83,2022-11-03 20:24:51.448940,134.0
84,2022-11-03 20:24:51.480437,134.0
85,2022-11-03 20:24:51.508437,134.0
86,2022-11-03 20:24:51.541440,134.0
87,2022-11-03 20:24:51.573762,134.0
88,2022-11-03 20:24:51.603762,134.0
89,2022-11-03 20:24:51.637429,133.0
90,2022-11-03 20:24:51.669414,133.0
91,2022-11-03 20:24:51.702414,133.0
92,2022-11-03 20:24:51.732414,133.0
93,2022-11-03 20:24:51.764418,133.0
94,2022-11-03 20:24:51.797420,133.0
95,2022-11-03 20:24:51.831414,133.0
96,2022-11-03 20:24:51.862418,133.0
97,2022-11-03 20:24:51.893415,133.0
98,2022-11-03 20:24:51.923414,133.0
99,2022-11-03 20:24:51.955413,133.0
100,2022-11-03 20:24:51.989117,133.0
101,2022-11-03 20:24:52.021117,133.0
102,2022-11-03 20:24:52.052117,133.0
103,2022-11-03 20:24:52.085117,133.0
104,2022-11-03 20:24:52.119119,133.0
105,2022-11-03 20:24:52.149774,133.0
106,2022-11-03 20:24:52.182774,133.0
107,2022-11-03 20:24:52.213773,133.0
108,2022-11-03 20:24:52.245774,133.0
109,2022-11-03 20:24:52.282910,133.0
110,2022-11-03 20:24:52.322316,133.0
111,2022-11-03 20:24:52.362879,133.0
112,2022-11-03 20:24:52.396173,133.0
113,2022-11-03 20:24:52.432173,133.0
114,2022-11-03 20:24:52.472175,133.0
115,2022-11-03 20:24:52.508173,133.0
116,2022-11-03 20:24:52.541180,133.0
117,2022-11-03 20:24:52.575423,133.0
118,2022-11-03 20:24:52.609424,133.0
119,2022-11-03 20:24:52.644422,133.0
120,2022-11-03 20:24:52.681423,133.0
121,2022-11-03 20:24:52.715685,133.0
122,2022-11-03 20:24:52.750684,134.0
123,2022-11-03 20:24:52.785684,134.0
124,2022-11-03 20:24:52.819684,134.0
125,2022-11-03 20:24:52.854064,134.0
126,2022-11-03 20:24:52.891124,134.0
127,2022-11-03 20:24:52.925126,134.0
128,2022-11-03 20:24:52.960124,125.0
129,2022-11-03 20:24:52.997124,125.0
130,2022-11-03 20:24:53.033124,125.0
131,2022-11-03 20:24:53.070123,109.0
132,2022-11-03 20:24:53.106260,109.0
133,2022-11-03 20:24:53.143265,109.0
134,2022-11-03 20:24:53.180260,97.0
135,2022-11-03 20:24:53.217262,97.0
136,2022-11-03 20:24:53.252262,97.0
137,2022-11-03 20:24:53.289260,88.0
138,2022-11-03 20:24:53.325407,88.0
139,2022-11-03 20:24:53.361917,88.0
140,2022-11-03 20:24:53.397916,92.0
141,2022-11-03 20:24:53.434375,92.0
142,2022-11-03 20:24:53.470375,92.0
143,2022-11-03 20:24:53.506374,106.0
144,2022-11-03 20:24:53.544801,106.0
145,2022-11-03 20:24:53.581801,106.0
146,2022-11-03 20:24:53.619801,112.0
147,2022-11-03 20:24:53.655802,112.0
148,2022-11-03 20:24:53.699802,112.0
149,2022-11-03 20:24:53.736801,123.0
150,2022-11-03 20:24:53.774802,123.0
151,2022-11-03 20:24:53.813020,123.0
152,2022-11-03 20:24:53.855162,130.0
153,2022-11-03 20:24:53.895161,130.0
154,2022-11-03 20:24:53.934600,130.0
155,2022-11-03 20:24:53.972925,133.0
156,2022-11-03 20:24:54.011340,133.0
157,2022-11-03 20:24:54.049530,133.0
158,2022-11-03 20:24:54.090533,134.0
159,2022-11-03 20:24:54.129757,134.0
160,2022-11-03 20:24:54.167792,134.0
161,2022-11-03 20:24:54.204886,134.0
162,2022-11-03 20:24:54.252495,134.0
163,2022-11-03 20:24:54.292707,134.0
164,2022-11-03 20:24:54.333707,134.0
165,2022-11-03 20:24:54.372800,134.0
166,2022-11-03 20:24:54.413799,134.0
167,2022-11-03 20:24:54.451800,134.0
168,2022-11-03 20:24:54.492801,134.0
169,2022-11-03 20:24:54.538345,133.0
170,2022-11-03 20:24:54.581654,133.0
171,2022-11-03 20:24:54.624252,134.0
172,2022-11-03 20:24:54.661789,134.0
173,2022-11-03 20:24:54.704799,134.0
174,2022-11-03 20:24:54.747725,134.0
175,2022-11-03 20:24:54.786757,134.0
176,2022-11-03 20:24:54.828700,133.0
177,2022-11-03 20:24:54.868444,133.0
178,2022-11-03 20:24:54.913754,133.0
179,2022-11-03 20:24:54.956166,133.0
180,2022-11-03 20:24:54.998768,133.0
181,2022-11-03 20:24:55.041773,133.0
182,2022-11-03 20:24:55.084283,133.0
183,2022-11-03 20:24:55.124784,133.0
184,2022-11-03 20:24:55.164782,133.0
185,2022-11-03 20:24:55.206379,133.0
186,2022-11-03 20:24:55.249759,133.0
187,2022-11-03 20:24:55.293543,133.0
188,2022-11-03 20:24:55.333982,133.0
189,2022-11-03 20:24:55.380978,133.0
190,2022-11-03 20:24:55.425603,133.0
191,2022-11-03 20:24:55.466681,133.0
192,2022-11-03 20:24:55.508984,133.0
193,2022-11-03 20:24:55.553580,133.0
194,2022-11-03 20:24:55.596895,133.0
195,2022-11-03 20:24:55.636894,133.0
196,2022-11-03 20:24:55.680896,133.0
197,2022-11-03 20:24:55.724112,133.0
198,2022-11-03 20:24:55.768312,133.0
199,2022-11-03 20:24:55.812699,133.0
200,2022-11-03 20:24:55.854826,133.0
201,2022-11-03 20:24:55.896893,133.0
202,2022-11-03 20:24:55.938407,133.0
203,2022-11-03 20:24:55.981697,133.0
204,2022-11-03 20:24:56.025697,133.0
205,2022-11-03 20:24:56.066695,133.0
206,2022-11-03 20:24:56.108755,133.0
207,2022-11-03 20:24:56.150839,133.0
208,2022-11-03 20:24:56.191774,133.0
209,2022-11-03 20:24:56.233960,133.0
210,2022-11-03 20:24:56.275989,133.0
211,2022-11-03 20:24:56.317441,133.0
212,2022-11-03 20:24:56.359897,133.0
213,2022-11-03 20:24:56.402951,134.0
214,2022-11-03 20:24:56.447949,134.0
215,2022-11-03 20:24:56.490619,134.0
216,2022-11-03 20:24:56.535083,134.0
217,2022-11-03 20:24:56.578381,134.0
218,2022-11-03 20:24:56.626230,133.0
219,2022-11-03 20:24:56.673858,133.0
220,2022-11-03 20:24:56.719856,134.0
221,2022-11-03 20:24:56.762856,134.0
222,2022-11-03 20:24:56.806872,134.0
223,2022-11-03 20:24:56.850071,134.0
224,2022-11-03 20:24:56.894070,134.0
225,2022-11-03 20:24:56.937248,134.0
226,2022-11-03 20:24:56.983187,134.0
227,2022-11-03 20:24:57.029407,134.0
228,2022-11-03 20:24:57.075624,134.0
229,2022-11-03 20:24:57.118621,134.0
230,2022-11-03 20:24:57.163374,135.0
231,2022-11-03 20:24:57.209241,135.0
232,2022-11-03 20:24:57.254775,135.0
233,2022-11-03 20:24:57.309976,127.0
234,2022-11-03 20:24:57.360020,127.0
235,2022-11-03 20:24:57.406287,119.0
236,2022-11-03 20:24:57.456051,119.0
237,2022-11-03 20:24:57.501592,119.0
238,2022-11-03 20:24:57.548591,119.0
239,2022-11-03 20:24:57.595440,119.0
240,2022-11-03 20:24:57.643482,119.0
241,2022-11-03 20:24:57.688481,119.0
242,2022-11-03 20:24:57.741851,127.0
243,2022-11-03 20:24:57.789035,127.0
244,2022-11-03 20:24:57.837038,135.0
245,2022-11-03 20:24:57.884036,135.0
246,2022-11-03 20:24:57.931073,135.0
247,2022-11-03 20:24:57.984073,135.0
248,2022-11-03 20:24:58.033072,135.0
249,2022-11-03 20:24:58.081553,134.0
250,2022-11-03 20:24:58.129553,134.0
251,2022-11-03 20:24:58.178933,134.0
252,2022-11-03 20:24:58.227951,134.0
253,2022-11-03 20:24:58.275351,135.0
254,2022-11-03 20:24:58.321733,135.0
255,2022-11-03 20:24:58.371512,135.0
256,2022-11-03 20:24:58.419725,135.0
257,2022-11-03 20:24:58.466723,135.0
258,2022-11-03 20:24:58.518237,135.0
259,2022-11-03 20:24:58.567689,135.0
260,2022-11-03 20:24:58.615198,136.0
261,2022-11-03 20:24:58.665198,136.0
262,2022-11-03 20:24:58.717591,135.0
263,2022-11-03 20:24:58.770140,135.0
264,2022-11-03 20:24:58.820412,135.0
265,2022-11-03 20:24:58.869413,135.0
266,2022-11-03 20:24:58.920416,135.0
267,2022-11-03 20:24:58.969412,135.0
268,2022-11-03 20:24:59.022662,135.0
269,2022-11-03 20:24:59.072205,135.0
270,2022-11-03 20:24:59.122205,135.0
271,2022-11-03 20:24:59.172179,135.0
272,2022-11-03 20:24:59.222594,135.0
273,2022-11-03 20:24:59.273593,135.0
274,2022-11-03 20:24:59.325685,134.0
275,2022-11-03 20:24:59.374685,134.0
276,2022-11-03 20:24:59.428054,134.0
277,2022-11-03 20:24:59.477055,134.0
278,2022-11-03 20:24:59.528564,133.0
279,2022-11-03 20:24:59.581014,133.0
280,2022-11-03 20:24:59.632539,133.0
281,2022-11-03 20:24:59.685857,133.0
282,2022-11-03 20:24:59.738111,133.0
283,2022-11-03 20:24:59.790082,133.0
284,2022-11-03 20:24:59.847118,133.0
285,2022-11-03 20:24:59.900118,133.0
286,2022-11-03 20:24:59.955118,133.0
287,2022-11-03 20:25:00.008616,133.0
288,2022-11-03 20:25:00.091866,134.0
289,2022-11-03 20:25:00.145019,134.0
290,2022-11-03 20:25:00.204455,133.0
291,2022-11-03 20:25:00.260051,133.0
292,2022-11-03 20:25:00.314281,133.0
293,2022-11-03 20:25:00.369748,134.0
294,2022-11-03 20:25:00.422746,134.0
295,2022-11-03 20:25:00.478139,134.0
296,2022-11-03 20:25:00.532663,134.0
297,2022-11-03 20:25:00.587857,134.0
298,2022-11-03 20:25:00.642571,134.0
299,2022-11-03 20:25:00.698909,134.0
300,2022-11-03 20:25:00.759211,134.0
301,2022-11-03 20:25:00.821728,134.0
302,2022-11-03 20:25:00.878604,134.0
303,2022-11-03 20:25:00.938008,134.0
304,2022-11-03 20:25:00.993153,134.0
305,2022-11-03 20:25:01.050151,134.0
306,2022-11-03 20:25:01.106696,134.0
307,2022-11-03 20:25:01.162981,134.0
308,2022-11-03 20:25:01.220137,134.0
309,2022-11-03 20:25:01.277428,134.0
310,2022-11-03 20:25:01.333578,134.0
311,2022-11-03 20:25:01.392107,134.0
312,2022-11-03 20:25:01.450106,134.0
313,2022-11-03 20:25:01.509469,133.0
314,2022-11-03 20:25:01.567449,133.0
315,2022-11-03 20:25:01.624492,133.0
316,2022-11-03 20:25:01.684041,133.0
317,2022-11-03 20:25:01.743420,133.0
318,2022-11-03 20:25:01.800948,133.0
319,2022-11-03 20:25:01.859765,134.0
320,2022-11-03 20:25:01.918636,134.0
321,2022-11-03 20:25:01.976520,134.0
322,2022-11-03 20:25:02.035301,134.0
323,2022-11-03 20:25:02.097254,134.0
324,2022-11-03 20:25:02.157811,134.0
325,2022-11-03 20:25:02.215843,134.0
326,2022-11-03 20:25:02.282459,134.0
327,2022-11-03 20:25:02.350450,134.0
328,2022-11-03 20:25:02.410488,133.0
329,2022-11-03 20:25:02.471774,133.0
330,2022-11-03 20:25:02.531944,134.0
331,2022-11-03 20:25:02.595995,132.0
332,2022-11-03 20:25:02.659964,132.0
333,2022-11-03 20:25:02.720386,130.0
334,2022-11-03 20:25:02.782150,130.0
335,2022-11-03 20:25:02.853107,121.0
336,2022-11-03 20:25:02.923474,110.0
337,2022-11-03 20:25:02.985013,110.0
338,2022-11-03 20:25:03.048046,93.0
339,2022-11-03 20:25:03.110251,93.0
340,2022-11-03 20:25:03.171263,80.0
341,2022-11-03 20:25:03.241741,80.0
342,2022-11-03 20:25:03.310455,78.0
343,2022-11-03 20:25:03.380900,83.0
344,2022-11-03 20:25:03.453195,83.0
345,2022-11-03 20:25:03.519738,97.0
346,2022-11-03 20:25:03.584664,97.0
347,2022-11-03 20:25:03.647276,116.0
348,2022-11-03 20:25:03.712582,135.0
349,2022-11-03 20:25:03.777583,135.0
350,2022-11-03 20:25:03.841384,134.0
351,2022-11-03 20:25:03.906046,134.0
352,2022-11-03 20:25:03.969871,134.0
353,2022-11-03 20:25:04.034967,134.0
354,2022-11-03 20:25:04.098965,134.0
355,2022-11-03 20:25:04.165806,134.0
356,2022-11-03 20:25:04.233302,134.0
357,2022-11-03 20:25:04.301030,134.0
358,2022-11-03 20:25:04.367410,134.0
359,2022-11-03 20:25:04.431847,134.0
360,2022-11-03 20:25:04.503555,133.0
361,2022-11-03 20:25:04.570555,133.0
362,2022-11-03 20:25:04.639568,134.0
363,2022-11-03 20:25:04.713590,134.0
364,2022-11-03 20:25:04.781006,134.0
365,2022-11-03 20:25:04.848022,134.0
366,2022-11-03 20:25:04.917861,134.0
367,2022-11-03 20:25:04.991775,134.0
368,2022-11-03 20:25:05.058830,134.0
369,2022-11-03 20:25:05.141890,134.0
370,2022-11-03 20:25:05.211730,134.0
371,2022-11-03 20:25:05.283515,134.0
372,2022-11-03 20:25:05.350562,134.0
373,2022-11-03 20:25:05.419968,134.0
374,2022-11-03 20:25:05.490113,134.0
375,2022-11-03 20:25:05.560652,134.0
376,2022-11-03 20:25:05.629229,134.0
377,2022-11-03 20:25:05.700228,134.0
378,2022-11-03 20:25:05.770271,134.0
379,2022-11-03 20:25:05.841173,134.0
380,2022-11-03 20:25:05.912180,134.0
381,2022-11-03 20:25:05.981651,134.0
382,2022-11-03 20:25:06.051981,134.0
383,2022-11-03 20:25:06.124571,134.0
384,2022-11-03 20:25:06.193926,134.0
385,2022-11-03 20:25:06.268260,134.0
386,2022-11-03 20:25:06.343265,134.0
387,2022-11-03 20:25:06.417300,134.0
388,2022-11-03 20:25:06.490922,135.0
389,2022-11-03 20:25:06.563246,135.0
390,2022-11-03 20:25:06.634593,135.0
391,2022-11-03 20:25:06.707162,134.0
392,2022-11-03 20:25:06.780443,134.0
393,2022-11-03 20:25:06.853850,133.0
394,2022-11-03 20:25:06.925967,127.0
395,2022-11-03 20:25:07.003163,127.0
396,2022-11-03 20:25:07.088725,124.0
397,2022-11-03 20:25:07.165357,116.0
398,2022-11-03 20:25:07.238698,116.0
399,2022-11-03 20:25:07.328231,105.0
400,2022-11-03 20:25:07.407415,96.0
401,2022-11-03 20:25:07.482480,86.0
402,2022-11-03 20:25:07.556587,86.0
403,2022-11-03 20:25:07.631885,81.0
404,2022-11-03 20:25:07.706078,72.0
405,2022-11-03 20:25:07.781909,72.0
406,2022-11-03 20:25:07.857300,64.0
407,2022-11-03 20:25:07.930524,58.0
408,2022-11-03 20:25:08.004863,58.0
409,2022-11-03 20:25:08.080914,76.0
410,2022-11-03 20:25:08.156178,95.0
411,2022-11-03 20:25:08.232457,95.0
412,2022-11-03 20:25:08.306171,105.0
413,2022-11-03 20:25:08.387196,125.0
414,2022-11-03 20:25:08.462108,125.0
415,2022-11-03 20:25:08.538157,135.0
416,2022-11-03 20:25:08.614091,134.0
417,2022-11-03 20:25:08.690576,134.0
418,2022-11-03 20:25:08.767748,134.0
419,2022-11-03 20:25:08.843199,134.0
420,2022-11-03 20:25:08.920205,134.0
421,2022-11-03 20:25:08.997298,134.0
422,2022-11-03 20:25:09.076806,134.0
423,2022-11-03 20:25:09.160421,134.0
424,2022-11-03 20:25:09.238159,134.0
425,2022-11-03 20:25:09.316609,134.0
426,2022-11-03 20:25:09.396862,134.0
427,2022-11-03 20:25:09.475863,134.0
428,2022-11-03 20:25:09.554942,134.0
429,2022-11-03 20:25:09.633244,134.0
430,2022-11-03 20:25:09.714348,134.0
431,2022-11-03 20:25:09.796467,134.0
432,2022-11-03 20:25:09.877908,134.0
433,2022-11-03 20:25:09.958512,134.0
434,2022-11-03 20:25:10.040004,134.0
435,2022-11-03 20:25:10.120038,134.0
436,2022-11-03 20:25:10.203462,134.0
437,2022-11-03 20:25:10.286462,134.0
438,2022-11-03 20:25:10.369349,134.0
439,2022-11-03 20:25:10.452743,134.0
440,2022-11-03 20:25:10.532743,134.0
441,2022-11-03 20:25:10.614254,134.0
442,2022-11-03 20:25:10.695522,134.0
443,2022-11-03 20:25:10.778845,134.0
444,2022-11-03 20:25:10.862388,134.0
445,2022-11-03 20:25:10.944769,134.0
446,2022-11-03 20:25:11.029879,134.0
447,2022-11-03 20:25:11.116115,134.0
448,2022-11-03 20:25:11.203720,134.0
449,2022-11-03 20:25:11.287324,134.0
450,2022-11-03 20:25:11.371483,134.0
451,2022-11-03 20:25:11.458245,134.0
452,2022-11-03 20:25:11.542736,134.0
453,2022-11-03 20:25:11.628137,134.0
454,2022-11-03 20:25:11.714137,135.0
455,2022-11-03 20:25:11.798556,134.0
456,2022-11-03 20:25:11.883501,134.0
457,2022-11-03 20:25:11.971811,134.0
458,2022-11-03 20:25:12.060480,135.0
459,2022-11-03 20:25:12.146620,126.0
460,2022-11-03 20:25:12.235766,126.0
461,2022-11-03 20:25:12.330075,117.0
462,2022-11-03 20:25:12.421352,102.0
463,2022-11-03 20:25:12.512799,97.0
464,2022-11-03 20:25:12.603884,99.0
465,2022-11-03 20:25:12.691065,99.0
466,2022-11-03 20:25:12.781796,94.0
467,2022-11-03 20:25:12.870829,111.0
468,2022-11-03 20:25:12.960383,122.0
469,2022-11-03 20:25:13.055427,129.0
470,2022-11-03 20:25:13.149460,132.0
471,2022-11-03 20:25:13.239614,132.0
472,2022-11-03 20:25:13.337131,133.0
473,2022-11-03 20:25:13.427716,133.0
474,2022-11-03 20:25:13.523036,134.0
475,2022-11-03 20:25:13.617206,134.0
476,2022-11-03 20:25:13.710436,134.0
477,2022-11-03 20:25:13.800436,134.0
478,2022-11-03 20:25:13.902762,134.0
479,2022-11-03 20:25:14.000312,133.0
480,2022-11-03 20:25:14.094801,133.0
481,2022-11-03 20:25:14.188072,133.0
482,2022-11-03 20:25:14.280627,133.0
483,2022-11-03 20:25:14.451528,133.0
484,2022-11-03 20:25:26.812479,133.0
485,2022-11-03 20:25:26.835478,133.0
486,2022-11-03 20:25:26.862482,133.0
487,2022-11-03 20:25:26.885478,133.0
488,2022-11-03 20:25:26.912589,133.0
489,2022-11-03 20:25:26.934588,133.0
490,2022-11-03 20:25:26.938589,133.0
491,2022-11-03 20:25:26.964588,133.0
492,2022-11-03 20:25:26.988588,133.0
493,2022-11-03 20:25:27.015589,133.0
494,2022-11-03 20:25:27.040592,133.0
495,2022-11-03 20:25:27.066103,133.0
496,2022-11-03 20:25:27.091434,133.0
497,2022-11-03 20:25:27.117433,133.0
498,2022-11-03 20:25:27.142212,133.0
499,2022-11-03 20:25:27.168211,133.0
500,2022-11-03 20:25:27.195211,133.0
501,2022-11-03 20:25:27.218212,133.0
502,2022-11-03 20:25:27.242217,133.0
503,2022-11-03 20:25:27.268340,133.0
504,2022-11-03 20:25:27.298243,133.0
505,2022-11-03 20:25:27.328423,133.0
506,2022-11-03 20:25:27.358994,133.0
507,2022-11-03 20:25:27.384141,133.0
508,2022-11-03 20:25:27.414147,133.0
509,2022-11-03 20:25:27.440145,134.0
510,2022-11-03 20:25:27.476508,134.0
511,2022-11-03 20:25:27.505504,134.0
512,2022-11-03 20:25:27.538506,133.0
513,2022-11-03 20:25:27.567842,133.0
514,2022-11-03 20:25:27.595842,133.0
515,2022-11-03 20:25:27.625969,133.0
516,2022-11-03 20:25:27.652480,133.0
517,2022-11-03 20:25:27.680995,133.0
518,2022-11-03 20:25:27.707999,133.0
519,2022-11-03 20:25:27.737995,133.0
520,2022-11-03 20:25:27.765996,133.0
521,2022-11-03 20:25:27.791001,133.0
522,2022-11-03 20:25:27.817998,133.0
523,2022-11-03 20:25:27.842998,133.0
524,2022-11-03 20:25:27.869995,133.0
525,2022-11-03 20:25:27.901001,133.0
526,2022-11-03 20:25:27.929998,133.0
527,2022-11-03 20:25:27.957087,133.0
528,2022-11-03 20:25:27.983087,133.0
529,2022-11-03 20:25:28.012089,133.0
530,2022-11-03 20:25:28.037089,133.0
531,2022-11-03 20:25:28.068250,133.0
532,2022-11-03 20:25:28.095257,133.0
533,2022-11-03 20:25:28.121250,133.0
534,2022-11-03 20:25:28.149253,133.0
535,2022-11-03 20:25:28.176250,133.0
536,2022-11-03 20:25:28.203249,134.0
537,2022-11-03 20:25:28.230249,134.0
538,2022-11-03 20:25:28.259718,134.0
539,2022-11-03 20:25:28.286717,134.0
540,2022-11-03 20:25:28.314717,133.0
541,2022-11-03 20:25:28.343722,133.0
542,2022-11-03 20:25:28.372227,133.0
543,2022-11-03 20:25:28.401227,133.0
544,2022-11-03 20:25:28.431226,133.0
545,2022-11-03 20:25:28.464227,133.0
546,2022-11-03 20:25:28.496229,133.0
547,2022-11-03 20:25:28.528227,133.0
548,2022-11-03 20:25:28.558228,133.0
549,2022-11-03 20:25:28.586227,133.0
550,2022-11-03 20:25:28.616227,133.0
551,2022-11-03 20:25:28.645512,133.0
552,2022-11-03 20:25:28.675514,133.0
553,2022-11-03 20:25:28.704511,133.0
554,2022-11-03 20:25:28.734511,133.0
555,2022-11-03 20:25:28.764511,133.0
556,2022-11-03 20:25:28.795514,133.0
557,2022-11-03 20:25:28.826513,133.0
558,2022-11-03 20:25:28.858514,133.0
559,2022-11-03 20:25:28.888511,133.0
560,2022-11-03 20:25:28.919511,133.0
561,2022-11-03 20:25:28.952694,133.0
562,2022-11-03 20:25:28.987849,133.0
563,2022-11-03 20:25:29.016848,133.0
564,2022-11-03 20:25:29.047848,133.0
565,2022-11-03 20:25:29.076850,133.0
566,2022-11-03 20:25:29.107851,133.0
567,2022-11-03 20:25:29.135847,133.0
568,2022-11-03 20:25:29.166847,133.0
569,2022-11-03 20:25:29.198182,133.0
570,2022-11-03 20:25:29.227182,133.0
571,2022-11-03 20:25:29.257218,133.0
572,2022-11-03 20:25:29.285399,133.0
573,2022-11-03 20:25:29.317399,134.0
574,2022-11-03 20:25:29.348403,134.0
575,2022-11-03 20:25:29.380527,134.0
576,2022-11-03 20:25:29.413527,134.0
577,2022-11-03 20:25:29.446533,134.0
578,2022-11-03 20:25:29.477815,134.0
579,2022-11-03 20:25:29.511816,134.0
580,2022-11-03 20:25:29.543199,134.0
581,2022-11-03 20:25:29.574529,134.0
582,2022-11-03 20:25:29.605528,134.0
583,2022-11-03 20:25:29.636529,134.0
584,2022-11-03 20:25:29.672137,134.0
585,2022-11-03 20:25:29.708052,134.0
586,2022-11-03 20:25:29.741390,134.0
587,2022-11-03 20:25:29.773393,134.0
588,2022-11-03 20:25:29.808392,134.0
589,2022-11-03 20:25:29.838390,134.0
590,2022-11-03 20:25:29.872475,134.0
591,2022-11-03 20:25:29.904474,134.0
592,2022-11-03 20:25:29.936474,134.0
593,2022-11-03 20:25:29.973475,134.0
594,2022-11-03 20:25:30.009475,134.0
595,2022-11-03 20:25:30.042473,134.0
596,2022-11-03 20:25:30.075694,134.0
597,2022-11-03 20:25:30.109695,134.0
598,2022-11-03 20:25:30.144700,134.0
599,2022-11-03 20:25:30.180694,134.0
600,2022-11-03 20:25:30.215696,125.0
601,2022-11-03 20:25:30.250693,125.0
602,2022-11-03 20:25:30.283696,125.0
603,2022-11-03 20:25:30.317693,108.0
604,2022-11-03 20:25:30.352693,108.0
605,2022-11-03 20:25:30.385697,108.0
606,2022-11-03 20:25:30.420694,95.0
607,2022-11-03 20:25:30.456698,95.0
608,2022-11-03 20:25:30.492696,95.0
609,2022-11-03 20:25:30.527701,95.0
610,2022-11-03 20:25:30.567052,91.0
611,2022-11-03 20:25:30.600517,91.0
612,2022-11-03 20:25:30.634518,91.0
613,2022-11-03 20:25:30.671519,95.0
614,2022-11-03 20:25:30.706520,95.0
615,2022-11-03 20:25:30.741697,95.0
616,2022-11-03 20:25:30.777694,103.0
617,2022-11-03 20:25:30.812694,103.0
618,2022-11-03 20:25:30.850087,103.0
619,2022-11-03 20:25:30.886087,118.0
620,2022-11-03 20:25:30.923089,118.0
621,2022-11-03 20:25:30.960088,118.0
622,2022-11-03 20:25:30.997088,124.0
623,2022-11-03 20:25:31.033089,124.0
624,2022-11-03 20:25:31.071595,124.0
625,2022-11-03 20:25:31.108596,131.0
626,2022-11-03 20:25:31.147596,131.0
627,2022-11-03 20:25:31.195792,133.0
628,2022-11-03 20:25:31.234790,133.0
629,2022-11-03 20:25:31.272791,133.0
630,2022-11-03 20:25:31.312835,134.0
631,2022-11-03 20:25:31.350847,134.0
632,2022-11-03 20:25:31.387847,134.0
633,2022-11-03 20:25:31.425847,134.0
634,2022-11-03 20:25:31.463847,134.0
635,2022-11-03 20:25:31.503846,134.0
636,2022-11-03 20:25:31.546849,134.0
637,2022-11-03 20:25:31.587848,134.0
638,2022-11-03 20:25:31.626848,134.0
639,2022-11-03 20:25:31.668139,134.0
640,2022-11-03 20:25:31.706713,134.0
641,2022-11-03 20:25:31.746718,134.0
642,2022-11-03 20:25:31.785721,134.0
643,2022-11-03 20:25:31.825336,134.0
644,2022-11-03 20:25:31.864028,134.0
645,2022-11-03 20:25:31.902025,134.0
646,2022-11-03 20:25:31.941025,134.0
647,2022-11-03 20:25:31.982025,134.0
648,2022-11-03 20:25:32.021526,134.0
649,2022-11-03 20:25:32.067282,134.0
650,2022-11-03 20:25:32.109753,134.0
651,2022-11-03 20:25:32.151426,134.0
652,2022-11-03 20:25:32.192539,134.0
653,2022-11-03 20:25:32.235540,134.0
654,2022-11-03 20:25:32.280227,134.0
655,2022-11-03 20:25:32.334585,134.0
656,2022-11-03 20:25:32.384994,134.0
657,2022-11-03 20:25:32.434994,134.0
658,2022-11-03 20:25:32.485310,134.0
659,2022-11-03 20:25:32.532599,134.0
660,2022-11-03 20:25:32.587131,134.0
661,2022-11-03 20:25:32.646280,134.0
662,2022-11-03 20:25:32.701276,134.0
663,2022-11-03 20:25:32.756787,134.0
664,2022-11-03 20:25:32.810099,134.0
665,2022-11-03 20:25:32.866227,134.0
666,2022-11-03 20:25:32.922491,134.0
667,2022-11-03 20:25:32.976721,134.0
668,2022-11-03 20:25:33.029951,134.0
669,2022-11-03 20:25:33.084952,134.0
670,2022-11-03 20:25:33.140951,134.0
671,2022-11-03 20:25:33.196519,134.0
672,2022-11-03 20:25:33.252239,134.0
673,2022-11-03 20:25:33.308516,134.0
674,2022-11-03 20:25:33.366600,134.0
675,2022-11-03 20:25:33.426589,135.0
676,2022-11-03 20:25:33.482397,135.0
677,2022-11-03 20:25:33.540103,135.0
678,2022-11-03 20:25:33.597737,135.0
679,2022-11-03 20:25:33.661782,135.0
680,2022-11-03 20:25:33.720126,135.0
681,2022-11-03 20:25:33.781559,135.0
682,2022-11-03 20:25:33.838826,135.0
683,2022-11-03 20:25:33.896353,135.0
684,2022-11-03 20:25:33.959354,135.0
685,2022-11-03 20:25:34.014622,120.0
686,2022-11-03 20:25:34.072623,120.0
687,2022-11-03 20:25:34.132066,114.0
688,2022-11-03 20:25:34.193947,115.0
689,2022-11-03 20:25:34.253457,115.0
690,2022-11-03 20:25:34.314259,115.0
691,2022-11-03 20:25:34.370259,115.0
692,2022-11-03 20:25:34.431421,122.0
693,2022-11-03 20:25:34.488451,122.0
694,2022-11-03 20:25:34.546826,129.0
695,2022-11-03 20:25:34.605201,129.0
696,2022-11-03 20:25:34.663831,135.0
697,2022-11-03 20:25:34.721715,135.0
698,2022-11-03 20:25:34.781714,135.0
699,2022-11-03 20:25:34.841055,135.0
700,2022-11-03 20:25:34.897052,134.0
701,2022-11-03 20:25:34.956121,134.0
702,2022-11-03 20:25:35.012428,134.0
703,2022-11-03 20:25:35.070816,134.0
704,2022-11-03 20:25:35.128598,134.0
705,2022-11-03 20:25:35.186598,134.0
706,2022-11-03 20:25:35.246406,134.0
707,2022-11-03 20:25:35.304395,134.0
708,2022-11-03 20:25:35.366043,134.0
709,2022-11-03 20:25:35.425656,134.0
710,2022-11-03 20:25:35.487222,134.0
711,2022-11-03 20:25:35.549187,134.0
712,2022-11-03 20:25:35.608302,134.0
713,2022-11-03 20:25:35.670606,134.0
714,2022-11-03 20:25:35.733248,134.0
715,2022-11-03 20:25:35.794273,134.0
716,2022-11-03 20:25:35.857596,134.0
717,2022-11-03 20:25:35.917595,134.0
718,2022-11-03 20:25:35.976828,134.0
719,2022-11-03 20:25:36.037827,134.0
720,2022-11-03 20:25:36.101039,134.0
721,2022-11-03 20:25:36.162640,134.0
722,2022-11-03 20:25:36.226771,134.0
723,2022-11-03 20:25:36.298777,134.0
724,2022-11-03 20:25:36.365168,134.0
725,2022-11-03 20:25:36.427212,134.0
726,2022-11-03 20:25:36.491304,134.0
727,2022-11-03 20:25:36.554450,134.0
728,2022-11-03 20:25:36.617632,134.0
729,2022-11-03 20:25:36.680633,134.0
730,2022-11-03 20:25:36.744780,134.0
731,2022-11-03 20:25:36.809417,134.0
732,2022-11-03 20:25:36.875856,134.0
733,2022-11-03 20:25:36.939914,134.0
734,2022-11-03 20:25:37.003910,134.0
735,2022-11-03 20:25:37.067628,134.0
736,2022-11-03 20:25:37.132675,133.0
737,2022-11-03 20:25:37.199670,133.0
738,2022-11-03 20:25:37.262983,133.0
739,2022-11-03 20:25:37.344292,133.0
740,2022-11-03 20:25:37.418050,133.0
741,2022-11-03 20:25:37.489050,133.0
742,2022-11-03 20:25:37.555101,133.0
743,2022-11-03 20:25:37.619624,133.0
744,2022-11-03 20:25:37.683966,133.0
745,2022-11-03 20:25:37.748581,133.0
746,2022-11-03 20:25:37.817050,133.0
747,2022-11-03 20:25:37.888836,133.0
748,2022-11-03 20:25:37.958264,133.0
749,2022-11-03 20:25:38.028263,134.0
750,2022-11-03 20:25:38.094356,134.0
751,2022-11-03 20:25:38.161957,134.0
752,2022-11-03 20:25:38.230290,134.0
753,2022-11-03 20:25:38.297428,134.0
754,2022-11-03 20:25:38.363880,134.0
755,2022-11-03 20:25:38.435330,134.0
756,2022-11-03 20:25:38.512263,134.0
757,2022-11-03 20:25:38.581366,134.0
758,2022-11-03 20:25:38.648369,134.0
759,2022-11-03 20:25:38.717539,134.0
760,2022-11-03 20:25:38.788542,133.0
761,2022-11-03 20:25:38.859829,134.0
762,2022-11-03 20:25:38.929290,134.0
763,2022-11-03 20:25:38.997291,133.0
764,2022-11-03 20:25:39.062569,133.0
765,2022-11-03 20:25:39.130550,129.0
766,2022-11-03 20:25:39.200898,117.0
767,2022-11-03 20:25:39.270923,117.0
768,2022-11-03 20:25:39.340004,110.0
769,2022-11-03 20:25:39.412782,94.0
770,2022-11-03 20:25:39.482926,94.0
771,2022-11-03 20:25:39.554927,78.0
772,2022-11-03 20:25:39.628355,87.0
773,2022-11-03 20:25:39.698382,87.0
774,2022-11-03 20:25:39.769415,100.0
775,2022-11-03 20:25:39.837415,100.0
776,2022-11-03 20:25:39.913452,116.0
777,2022-11-03 20:25:39.985708,124.0
778,2022-11-03 20:25:40.055705,124.0
779,2022-11-03 20:25:40.127924,134.0
780,2022-11-03 20:25:40.199262,134.0
781,2022-11-03 20:25:40.271175,134.0
782,2022-11-03 20:25:40.341703,134.0
783,2022-11-03 20:25:40.414333,134.0
784,2022-11-03 20:25:40.489914,134.0
785,2022-11-03 20:25:40.571028,134.0
786,2022-11-03 20:25:40.646856,134.0
787,2022-11-03 20:25:40.718113,134.0
788,2022-11-03 20:25:40.791608,134.0
789,2022-11-03 20:25:40.867706,134.0
790,2022-11-03 20:25:40.942301,134.0
791,2022-11-03 20:25:41.015301,134.0
792,2022-11-03 20:25:41.089400,134.0
793,2022-11-03 20:25:41.163587,134.0
794,2022-11-03 20:25:41.238623,134.0
795,2022-11-03 20:25:41.312078,134.0
796,2022-11-03 20:25:41.387160,134.0
797,2022-11-03 20:25:41.464598,134.0
798,2022-11-03 20:25:41.538591,134.0
799,2022-11-03 20:25:41.619865,133.0
800,2022-11-03 20:25:41.693236,133.0
801,2022-11-03 20:25:41.769152,133.0
802,2022-11-03 20:25:41.845271,133.0
803,2022-11-03 20:25:41.919974,133.0
804,2022-11-03 20:25:41.996887,133.0
805,2022-11-03 20:25:42.071889,133.0
806,2022-11-03 20:25:42.151061,133.0
807,2022-11-03 20:25:42.228798,133.0
808,2022-11-03 20:25:42.319277,134.0
809,2022-11-03 20:25:42.404754,134.0
810,2022-11-03 20:25:42.488390,134.0
811,2022-11-03 20:25:42.568461,133.0
812,2022-11-03 20:25:42.675972,133.0
813,2022-11-03 20:25:42.761280,133.0
814,2022-11-03 20:25:42.845424,134.0
815,2022-11-03 20:25:42.927417,134.0
816,2022-11-03 20:25:43.012229,134.0
817,2022-11-03 20:25:43.094365,134.0
818,2022-11-03 20:25:43.177653,134.0
819,2022-11-03 20:25:43.258504,134.0
820,2022-11-03 20:25:43.341502,134.0
821,2022-11-03 20:25:43.425403,134.0
822,2022-11-03 20:25:43.508058,135.0
823,2022-11-03 20:25:43.592181,135.0
824,2022-11-03 20:25:43.677512,134.0
825,2022-11-03 20:25:43.759831,132.0
826,2022-11-03 20:25:43.840524,126.0
827,2022-11-03 20:25:43.921912,126.0
828,2022-11-03 20:25:44.003949,117.0
829,2022-11-03 20:25:44.087953,107.0
830,2022-11-03 20:25:44.172060,102.0
831,2022-11-03 20:25:44.253069,102.0
832,2022-11-03 20:25:44.336509,88.0
833,2022-11-03 20:25:44.418836,78.0
834,2022-11-03 20:25:44.501351,69.0
835,2022-11-03 20:25:44.581599,69.0
836,2022-11-03 20:25:44.664519,82.0
837,2022-11-03 20:25:44.747701,98.0
838,2022-11-03 20:25:44.837444,98.0
839,2022-11-03 20:25:44.923612,107.0
840,2022-11-03 20:25:45.008982,125.0
841,2022-11-03 20:25:45.094954,135.0
842,2022-11-03 20:25:45.179269,134.0
843,2022-11-03 20:25:45.265727,134.0
844,2022-11-03 20:25:45.351438,134.0
845,2022-11-03 20:25:45.436438,134.0
846,2022-11-03 20:25:45.522437,134.0
847,2022-11-03 20:25:45.610391,134.0
848,2022-11-03 20:25:45.698412,134.0
849,2022-11-03 20:25:45.784228,134.0
850,2022-11-03 20:25:45.878293,134.0
851,2022-11-03 20:25:45.966567,134.0
852,2022-11-03 20:25:46.055353,134.0
853,2022-11-03 20:25:46.144555,134.0
854,2022-11-03 20:25:46.235112,134.0
855,2022-11-03 20:25:46.324585,134.0
856,2022-11-03 20:25:46.412615,134.0
857,2022-11-03 20:25:46.500615,134.0
858,2022-11-03 20:25:46.587789,134.0
859,2022-11-03 20:25:46.677887,134.0
860,2022-11-03 20:25:46.766870,134.0
861,2022-11-03 20:25:46.855151,134.0
862,2022-11-03 20:25:46.954301,134.0
863,2022-11-03 20:25:47.044669,134.0
864,2022-11-03 20:25:47.137445,134.0
865,2022-11-03 20:25:47.232901,134.0
866,2022-11-03 20:25:47.343259,134.0
867,2022-11-03 20:25:47.442642,134.0
868,2022-11-03 20:25:47.535640,134.0
869,2022-11-03 20:25:47.629152,134.0
870,2022-11-03 20:25:47.722538,134.0
871,2022-11-03 20:25:47.818031,134.0
872,2022-11-03 20:25:47.916545,135.0
873,2022-11-03 20:25:48.011853,135.0
874,2022-11-03 20:25:48.106350,134.0
875,2022-11-03 20:25:48.201674,134.0
876,2022-11-03 20:25:48.293271,134.0
877,2022-11-03 20:25:48.387494,134.0
878,2022-11-03 20:25:48.479989,134.0
879,2022-11-03 20:25:48.573206,134.0
880,2022-11-03 20:25:48.667232,125.0
881,2022-11-03 20:25:48.760731,110.0
882,2022-11-03 20:25:48.860071,97.0
883,2022-11-03 20:25:48.953143,88.0
884,2022-11-03 20:25:49.050168,85.0
885,2022-11-03 20:25:49.145210,85.0
886,2022-11-03 20:25:49.244235,98.0
887,2022-11-03 20:25:49.340684,111.0
888,2022-11-03 20:25:49.440168,122.0
889,2022-11-03 20:25:49.537631,129.0
890,2022-11-03 20:25:49.633097,133.0
891,2022-11-03 20:25:49.727095,133.0
892,2022-11-03 20:25:49.819514,133.0
893,2022-11-03 20:25:49.914930,133.0
894,2022-11-03 20:25:50.010548,133.0
895,2022-11-03 20:25:50.106788,134.0
896,2022-11-03 20:25:50.203093,134.0
897,2022-11-03 20:25:50.300644,134.0
898,2022-11-03 20:25:50.397818,134.0
899,2022-11-03 20:25:50.552738,134.0
900,2022-11-03 20:25:50.567542,134.0
901,2022-11-03 20:25:50.694152,133.0
902,2022-11-03 20:25:50.804930,134.0
903,2022-11-03 20:25:50.846880,134.0
904,2022-11-03 20:25:50.959227,134.0
905,2022-11-03 20:25:50.973794,134.0
906,2022-11-03 20:25:51.076585,133.0
907,2022-11-03 20:25:51.216859,134.0
908,2022-11-03 20:25:51.325344,133.0
909,2022-11-03 20:25:51.413785,134.0
910,2022-11-03 20:25:51.529463,134.0
911,2022-11-03 20:25:51.561148,134.0
912,2022-11-03 20:25:51.662152,133.0
913,2022-11-03 20:25:51.766908,133.0
914,2022-11-03 20:25:51.781972,133.0
915,2022-11-03 20:25:51.890968,133.0
916,2022-11-03 20:25:52.001553,133.0
917,2022-11-03 20:25:52.115400,133.0
918,2022-11-03 20:25:52.144925,133.0
919,2022-11-03 20:25:52.246268,133.0
920,2022-11-03 20:25:52.377076,133.0
921,2022-11-03 20:25:52.499590,133.0
922,2022-11-03 20:25:52.616319,133.0
923,2022-11-03 20:25:52.728637,134.0
924,2022-11-03 20:25:52.840192,133.0
925,2022-11-03 20:25:52.948706,133.0
926,2022-11-03 20:25:53.060258,133.0
927,2022-11-03 20:25:53.167475,133.0
928,2022-11-03 20:25:53.279745,133.0
929,2022-11-03 20:25:53.399633,133.0
930,2022-11-03 20:25:53.511202,133.0
931,2022-11-03 20:25:53.624234,134.0
932,2022-11-03 20:25:53.736419,133.0
933,2022-11-03 20:25:53.854853,134.0
934,2022-11-03 20:25:53.995677,134.0
935,2022-11-03 20:25:54.118014,134.0
936,2022-11-03 20:25:54.235273,134.0
937,2022-11-03 20:25:54.356002,134.0
938,2022-11-03 20:25:54.473898,134.0
939,2022-11-03 20:25:54.595686,134.0
940,2022-11-03 20:25:54.711707,134.0
941,2022-11-03 20:25:54.826113,134.0
942,2022-11-03 20:25:55.140912,133.0
943,2022-11-03 20:26:10.475842,133.0
944,2022-11-03 20:26:10.499839,134.0
945,2022-11-03 20:26:10.527880,134.0
946,2022-11-03 20:26:10.553878,134.0
947,2022-11-03 20:26:10.579878,134.0
948,2022-11-03 20:26:10.582877,134.0
949,2022-11-03 20:26:10.606879,134.0
950,2022-11-03 20:26:10.632879,134.0
951,2022-11-03 20:26:10.657883,134.0
952,2022-11-03 20:26:10.682878,134.0
953,2022-11-03 20:26:10.708939,134.0
954,2022-11-03 20:26:10.735930,134.0
955,2022-11-03 20:26:10.761929,134.0
956,2022-11-03 20:26:10.788931,134.0
957,2022-11-03 20:26:10.816929,134.0
958,2022-11-03 20:26:10.843929,134.0
959,2022-11-03 20:26:10.869928,134.0
960,2022-11-03 20:26:10.897934,134.0
961,2022-11-03 20:26:10.920928,134.0
962,2022-11-03 20:26:10.946158,134.0
963,2022-11-03 20:26:10.971641,134.0
964,2022-11-03 20:26:10.996641,134.0
965,2022-11-03 20:26:11.022642,134.0
966,2022-11-03 20:26:11.049641,133.0
967,2022-11-03 20:26:11.075715,133.0
968,2022-11-03 20:26:11.100711,133.0
969,2022-11-03 20:26:11.137915,133.0
970,2022-11-03 20:26:11.166022,134.0
971,2022-11-03 20:26:11.197934,134.0
972,2022-11-03 20:26:11.223935,134.0
973,2022-11-03 20:26:11.251934,134.0
974,2022-11-03 20:26:11.279936,134.0
975,2022-11-03 20:26:11.309935,134.0
976,2022-11-03 20:26:11.337934,134.0
977,2022-11-03 20:26:11.364934,134.0
978,2022-11-03 20:26:11.402934,134.0
979,2022-11-03 20:26:11.437939,134.0
980,2022-11-03 20:26:11.466232,134.0
981,2022-11-03 20:26:11.494374,134.0
982,2022-11-03 20:26:11.520374,134.0
983,2022-11-03 20:26:11.546726,134.0
984,2022-11-03 20:26:11.571726,134.0
985,2022-11-03 20:26:11.600726,134.0
986,2022-11-03 20:26:11.629729,134.0
987,2022-11-03 20:26:11.656727,134.0
988,2022-11-03 20:26:11.684726,134.0
989,2022-11-03 20:26:11.711726,134.0
990,2022-11-03 20:26:11.739926,134.0
991,2022-11-03 20:26:11.765921,134.0
992,2022-11-03 20:26:11.794922,134.0
993,2022-11-03 20:26:11.823922,134.0
994,2022-11-03 20:26:11.856333,133.0
995,2022-11-03 20:26:11.885621,133.0
996,2022-11-03 20:26:11.918925,133.0
997,2022-11-03 20:26:11.956546,133.0
998,2022-11-03 20:26:11.992542,133.0
999,2022-11-03 20:26:12.021541,133.0
1000,2022-11-03 20:26:12.049541,133.0
1001,2022-11-03 20:26:12.077542,133.0
1002,2022-11-03 20:26:12.106543,133.0
1003,2022-11-03 20:26:12.138626,133.0
1004,2022-11-03 20:26:12.167628,133.0
1005,2022-11-03 20:26:12.199934,133.0
1006,2022-11-03 20:26:12.228934,133.0
1007,2022-11-03 20:26:12.263589,133.0
1008,2022-11-03 20:26:12.298895,134.0
1009,2022-11-03 20:26:12.335754,134.0
1010,2022-11-03 20:26:12.365754,134.0
1011,2022-11-03 20:26:12.397754,133.0
1012,2022-11-03 20:26:12.427755,133.0
1013,2022-11-03 20:26:12.458811,133.0
1014,2022-11-03 20:26:12.488805,133.0
1015,2022-11-03 20:26:12.516804,133.0
1016,2022-11-03 20:26:12.548805,133.0
1017,2022-11-03 20:26:12.579804,133.0
1018,2022-11-03 20:26:12.611811,133.0
1019,2022-11-03 20:26:12.643808,133.0
1020,2022-11-03 20:26:12.674806,133.0
1021,2022-11-03 20:26:12.702805,133.0
1022,2022-11-03 20:26:12.732805,133.0
1023,2022-11-03 20:26:12.760805,133.0
1024,2022-11-03 20:26:12.791961,133.0
1025,2022-11-03 20:26:12.820963,134.0
1026,2022-11-03 20:26:12.850963,134.0
1027,2022-11-03 20:26:12.881959,134.0
1028,2022-11-03 20:26:12.913961,134.0
1029,2022-11-03 20:26:12.943959,134.0
1030,2022-11-03 20:26:12.973961,134.0
1031,2022-11-03 20:26:13.003247,134.0
1032,2022-11-03 20:26:13.035246,134.0
1033,2022-11-03 20:26:13.066247,134.0
1034,2022-11-03 20:26:13.098249,134.0
1035,2022-11-03 20:26:13.130246,134.0
1036,2022-11-03 20:26:13.165247,134.0
1037,2022-11-03 20:26:13.198246,134.0
1038,2022-11-03 20:26:13.229246,134.0
1039,2022-11-03 20:26:13.263246,134.0
1040,2022-11-03 20:26:13.294603,134.0
1041,2022-11-03 20:26:13.327607,134.0
1042,2022-11-03 20:26:13.360112,134.0
1043,2022-11-03 20:26:13.392116,133.0
1044,2022-11-03 20:26:13.431112,133.0
1045,2022-11-03 20:26:13.466112,133.0
1046,2022-11-03 20:26:13.501113,134.0
1047,2022-11-03 20:26:13.536119,134.0
1048,2022-11-03 20:26:13.569114,134.0
1049,2022-11-03 20:26:13.603113,134.0
1050,2022-11-03 20:26:13.635113,134.0
1051,2022-11-03 20:26:13.673112,134.0
1052,2022-11-03 20:26:13.706121,134.0
1053,2022-11-03 20:26:13.742333,134.0
1054,2022-11-03 20:26:13.775337,134.0
1055,2022-11-03 20:26:13.810333,134.0
1056,2022-11-03 20:26:13.845340,134.0
1057,2022-11-03 20:26:13.882333,134.0
1058,2022-11-03 20:26:13.916333,134.0
1059,2022-11-03 20:26:13.952333,135.0
1060,2022-11-03 20:26:13.988334,135.0
1061,2022-11-03 20:26:14.025336,135.0
1062,2022-11-03 20:26:14.066334,135.0
1063,2022-11-03 20:26:14.102335,135.0
1064,2022-11-03 20:26:14.140339,135.0
1065,2022-11-03 20:26:14.176335,127.0
1066,2022-11-03 20:26:14.214334,127.0
1067,2022-11-03 20:26:14.251504,127.0
1068,2022-11-03 20:26:14.286507,127.0
1069,2022-11-03 20:26:14.321503,127.0
1070,2022-11-03 20:26:14.358504,127.0
1071,2022-11-03 20:26:14.395582,127.0
1072,2022-11-03 20:26:14.430583,127.0
1073,2022-11-03 20:26:14.473584,127.0
1074,2022-11-03 20:26:14.509588,121.0
1075,2022-11-03 20:26:14.549968,121.0
1076,2022-11-03 20:26:14.585968,121.0
1077,2022-11-03 20:26:14.624972,117.0
1078,2022-11-03 20:26:14.660971,117.0
1079,2022-11-03 20:26:14.697972,117.0
1080,2022-11-03 20:26:14.736313,125.0
1081,2022-11-03 20:26:14.775311,125.0
1082,2022-11-03 20:26:14.813311,125.0
1083,2022-11-03 20:26:14.850310,125.0
1084,2022-11-03 20:26:14.888441,125.0
1085,2022-11-03 20:26:14.926442,125.0
1086,2022-11-03 20:26:14.964440,125.0
1087,2022-11-03 20:26:15.001439,125.0
1088,2022-11-03 20:26:15.039934,130.0
1089,2022-11-03 20:26:15.079929,130.0
1090,2022-11-03 20:26:15.118928,130.0
1091,2022-11-03 20:26:15.159934,134.0
1092,2022-11-03 20:26:15.204123,134.0
1093,2022-11-03 20:26:15.250201,134.0
1094,2022-11-03 20:26:15.292346,134.0
1095,2022-11-03 20:26:15.335608,134.0
1096,2022-11-03 20:26:15.381903,134.0
1097,2022-11-03 20:26:15.424902,134.0
1098,2022-11-03 20:26:15.468900,134.0
1099,2022-11-03 20:26:15.511852,134.0
1100,2022-11-03 20:26:15.551841,134.0
1101,2022-11-03 20:26:15.594590,134.0
1102,2022-11-03 20:26:15.635590,134.0
1103,2022-11-03 20:26:15.675589,134.0
1104,2022-11-03 20:26:15.713807,135.0
1105,2022-11-03 20:26:15.754818,135.0
1106,2022-11-03 20:26:15.795592,135.0
1107,2022-11-03 20:26:15.836851,134.0
1108,2022-11-03 20:26:15.877951,134.0
1109,2022-11-03 20:26:15.919931,134.0
1110,2022-11-03 20:26:15.960987,134.0
1111,2022-11-03 20:26:16.001143,134.0
1112,2022-11-03 20:26:16.051189,134.0
1113,2022-11-03 20:26:16.102577,134.0
1114,2022-11-03 20:26:16.152075,134.0
1115,2022-11-03 20:26:16.194243,134.0
1116,2022-11-03 20:26:16.236956,134.0
1117,2022-11-03 20:26:16.281560,134.0
1118,2022-11-03 20:26:16.325869,134.0
1119,2022-11-03 20:26:16.367864,134.0
1120,2022-11-03 20:26:16.410950,134.0
1121,2022-11-03 20:26:16.453065,134.0
1122,2022-11-03 20:26:16.505539,134.0
1123,2022-11-03 20:26:16.547632,134.0
1124,2022-11-03 20:26:16.589869,134.0
1125,2022-11-03 20:26:16.632867,134.0
1126,2022-11-03 20:26:16.674724,134.0
1127,2022-11-03 20:26:16.716756,134.0
1128,2022-11-03 20:26:16.756870,134.0
1129,2022-11-03 20:26:16.799870,134.0
1130,2022-11-03 20:26:16.842389,134.0
1131,2022-11-03 20:26:16.885303,134.0
1132,2022-11-03 20:26:16.927304,134.0
1133,2022-11-03 20:26:16.970304,134.0
1134,2022-11-03 20:26:17.013716,134.0
1135,2022-11-03 20:26:17.059163,134.0
1136,2022-11-03 20:26:17.103264,134.0
1137,2022-11-03 20:26:17.151038,134.0
1138,2022-11-03 20:26:17.198252,134.0
1139,2022-11-03 20:26:17.245252,134.0
1140,2022-11-03 20:26:17.308145,134.0
1141,2022-11-03 20:26:17.365437,134.0
1142,2022-11-03 20:26:17.418540,134.0
1143,2022-11-03 20:26:17.472028,134.0
1144,2022-11-03 20:26:17.522694,134.0
1145,2022-11-03 20:26:17.575842,134.0
1146,2022-11-03 20:26:17.629125,134.0
1147,2022-11-03 20:26:17.681581,134.0
1148,2022-11-03 20:26:17.734833,134.0
1149,2022-11-03 20:26:17.789265,134.0
1150,2022-11-03 20:26:17.845875,115.0
1151,2022-11-03 20:26:17.900872,115.0
1152,2022-11-03 20:26:17.958101,99.0
1153,2022-11-03 20:26:18.015097,99.0
1154,2022-11-03 20:26:18.070219,91.0
1155,2022-11-03 20:26:18.127975,91.0
1156,2022-11-03 20:26:18.186029,80.0
1157,2022-11-03 20:26:18.247791,83.0
1158,2022-11-03 20:26:18.309230,83.0
1159,2022-11-03 20:26:18.369166,101.0
1160,2022-11-03 20:26:18.427573,101.0
1161,2022-11-03 20:26:18.485087,116.0
1162,2022-11-03 20:26:18.545186,116.0
1163,2022-11-03 20:26:18.606723,122.0
1164,2022-11-03 20:26:18.665030,122.0
1165,2022-11-03 20:26:18.725324,131.0
1166,2022-11-03 20:26:18.787507,131.0
1167,2022-11-03 20:26:18.849088,133.0
1168,2022-11-03 20:26:18.911560,133.0
1169,2022-11-03 20:26:18.971137,134.0
1170,2022-11-03 20:26:19.031095,134.0
1171,2022-11-03 20:26:19.094118,134.0
1172,2022-11-03 20:26:19.154208,134.0
1173,2022-11-03 20:26:19.213249,134.0
1174,2022-11-03 20:26:19.270745,134.0
1175,2022-11-03 20:26:19.328847,134.0
1176,2022-11-03 20:26:19.388010,134.0
1177,2022-11-03 20:26:19.448034,134.0
1178,2022-11-03 20:26:19.508457,134.0
1179,2022-11-03 20:26:19.568803,134.0
1180,2022-11-03 20:26:19.632823,134.0
1181,2022-11-03 20:26:19.695944,134.0
1182,2022-11-03 20:26:19.758994,134.0
1183,2022-11-03 20:26:19.818948,134.0
1184,2022-11-03 20:26:19.884114,134.0
1185,2022-11-03 20:26:19.950134,134.0
1186,2022-11-03 20:26:20.010980,134.0
1187,2022-11-03 20:26:20.073604,134.0
1188,2022-11-03 20:26:20.138786,134.0
1189,2022-11-03 20:26:20.203965,134.0
1190,2022-11-03 20:26:20.265186,134.0
1191,2022-11-03 20:26:20.335024,134.0
1192,2022-11-03 20:26:20.407830,134.0
1193,2022-11-03 20:26:20.474833,134.0
1194,2022-11-03 20:26:20.539912,134.0
1195,2022-11-03 20:26:20.608036,134.0
1196,2022-11-03 20:26:20.670661,134.0
1197,2022-11-03 20:26:20.734160,134.0
1198,2022-11-03 20:26:20.801162,134.0
1199,2022-11-03 20:26:20.866129,134.0
1200,2022-11-03 20:26:20.932523,134.0
1201,2022-11-03 20:26:20.999551,134.0
1202,2022-11-03 20:26:21.065553,134.0
1203,2022-11-03 20:26:21.129554,134.0
1204,2022-11-03 20:26:21.194007,134.0
1205,2022-11-03 20:26:21.259439,134.0
1206,2022-11-03 20:26:21.325440,134.0
1207,2022-11-03 20:26:21.387906,134.0
1208,2022-11-03 20:26:21.451381,134.0
1209,2022-11-03 20:26:21.521547,134.0
1210,2022-11-03 20:26:21.586833,134.0
1211,2022-11-03 20:26:21.655436,134.0
1212,2022-11-03 20:26:21.725592,134.0
1213,2022-11-03 20:26:21.789707,134.0
1214,2022-11-03 20:26:21.857165,134.0
1215,2022-11-03 20:26:21.924387,134.0
1216,2022-11-03 20:26:21.991588,134.0
1217,2022-11-03 20:26:22.062588,134.0
1218,2022-11-03 20:26:22.131152,134.0
1219,2022-11-03 20:26:22.200707,134.0
1220,2022-11-03 20:26:22.270236,134.0
1221,2022-11-03 20:26:22.352194,134.0
1222,2022-11-03 20:26:22.428485,134.0
1223,2022-11-03 20:26:22.509894,134.0
1224,2022-11-03 20:26:22.582887,134.0
1225,2022-11-03 20:26:22.653885,134.0
1226,2022-11-03 20:26:22.725133,134.0
1227,2022-11-03 20:26:22.796883,134.0
1228,2022-11-03 20:26:22.866129,134.0
1229,2022-11-03 20:26:22.937129,134.0
1230,2022-11-03 20:26:23.006496,134.0
1231,2022-11-03 20:26:23.083574,134.0
1232,2022-11-03 20:26:23.156999,134.0
1233,2022-11-03 20:26:23.230670,134.0
1234,2022-11-03 20:26:23.297684,134.0
1235,2022-11-03 20:26:23.367930,134.0
1236,2022-11-03 20:26:23.437965,134.0
1237,2022-11-03 20:26:23.508995,134.0
1238,2022-11-03 20:26:23.584429,134.0
1239,2022-11-03 20:26:23.657678,134.0
1240,2022-11-03 20:26:23.729232,134.0
1241,2022-11-03 20:26:23.799568,134.0
1242,2022-11-03 20:26:23.870631,134.0
1243,2022-11-03 20:26:23.944041,134.0
1244,2022-11-03 20:26:24.014320,134.0
1245,2022-11-03 20:26:24.088100,134.0
1246,2022-11-03 20:26:24.162662,134.0
1247,2022-11-03 20:26:24.235433,134.0
1248,2022-11-03 20:26:24.313055,133.0
1249,2022-11-03 20:26:24.384056,130.0
1250,2022-11-03 20:26:24.456147,130.0
1251,2022-11-03 20:26:24.529371,127.0
1252,2022-11-03 20:26:24.607746,120.0
1253,2022-11-03 20:26:24.684857,120.0
1254,2022-11-03 20:26:24.760862,116.0
1255,2022-11-03 20:26:24.838997,106.0
1256,2022-11-03 20:26:24.910762,93.0
1257,2022-11-03 20:26:24.984285,93.0
1258,2022-11-03 20:26:25.058635,83.0
1259,2022-11-03 20:26:25.136838,74.0
1260,2022-11-03 20:26:25.213146,74.0
1261,2022-11-03 20:26:25.286568,79.0
1262,2022-11-03 20:26:25.364118,79.0
1263,2022-11-03 20:26:25.439534,86.0
1264,2022-11-03 20:26:25.514532,102.0
1265,2022-11-03 20:26:25.589548,119.0
1266,2022-11-03 20:26:25.665901,119.0
1267,2022-11-03 20:26:25.742025,135.0
1268,2022-11-03 20:26:25.820022,135.0
1269,2022-11-03 20:26:25.898553,135.0
1270,2022-11-03 20:26:25.974447,134.0
1271,2022-11-03 20:26:26.049625,134.0
1272,2022-11-03 20:26:26.127366,134.0
1273,2022-11-03 20:26:26.206711,134.0
1274,2022-11-03 20:26:26.283224,134.0
1275,2022-11-03 20:26:26.361237,134.0
1276,2022-11-03 20:26:26.438237,134.0
1277,2022-11-03 20:26:26.513720,134.0
1278,2022-11-03 20:26:26.590885,134.0
1279,2022-11-03 20:26:26.677719,134.0
1280,2022-11-03 20:26:26.766408,134.0
1281,2022-11-03 20:26:26.847403,134.0
1282,2022-11-03 20:26:26.931576,133.0
1283,2022-11-03 20:26:27.013625,133.0
1284,2022-11-03 20:26:27.097771,133.0
1285,2022-11-03 20:26:27.178600,133.0
1286,2022-11-03 20:26:27.261802,134.0
1287,2022-11-03 20:26:27.354490,134.0
1288,2022-11-03 20:26:27.440255,134.0
1289,2022-11-03 20:26:27.523110,133.0
1290,2022-11-03 20:26:27.606181,133.0
1291,2022-11-03 20:26:27.691179,127.0
1292,2022-11-03 20:26:27.776499,127.0
1293,2022-11-03 20:26:27.883311,124.0
1294,2022-11-03 20:26:27.970624,116.0
1295,2022-11-03 20:26:28.055544,105.0
1296,2022-11-03 20:26:28.140132,93.0
1297,2022-11-03 20:26:28.224795,93.0
1298,2022-11-03 20:26:28.310251,91.0
1299,2022-11-03 20:26:28.401132,95.0
1300,2022-11-03 20:26:28.487154,105.0
1301,2022-11-03 20:26:28.572684,118.0
1302,2022-11-03 20:26:28.656682,118.0
1303,2022-11-03 20:26:28.741014,135.0
1304,2022-11-03 20:26:28.850470,135.0
1305,2022-11-03 20:26:28.935699,135.0
1306,2022-11-03 20:26:29.019843,135.0
1307,2022-11-03 20:26:29.108390,135.0
1308,2022-11-03 20:26:29.193289,135.0
1309,2022-11-03 20:26:29.281652,134.0
1310,2022-11-03 20:26:29.368845,134.0
1311,2022-11-03 20:26:29.452846,134.0
1312,2022-11-03 20:26:29.539926,134.0
1313,2022-11-03 20:26:29.624928,134.0
1314,2022-11-03 20:26:29.711778,134.0
1315,2022-11-03 20:26:29.796083,134.0
1316,2022-11-03 20:26:29.885404,134.0
1317,2022-11-03 20:26:29.974145,133.0
1318,2022-11-03 20:26:30.062631,134.0
1319,2022-11-03 20:26:30.150005,134.0
1320,2022-11-03 20:26:30.237427,134.0
1321,2022-11-03 20:26:30.328899,134.0
1322,2022-11-03 20:26:30.419240,134.0
1323,2022-11-03 20:26:30.514185,133.0
1324,2022-11-03 20:26:30.604244,134.0
1325,2022-11-03 20:26:30.693900,134.0
1326,2022-11-03 20:26:30.784900,134.0
1327,2022-11-03 20:26:30.874461,134.0
1328,2022-11-03 20:26:30.974010,134.0
1329,2022-11-03 20:26:31.068944,133.0
1330,2022-11-03 20:26:31.160300,133.0
1331,2022-11-03 20:26:31.254416,133.0
1332,2022-11-03 20:26:31.348795,134.0
1333,2022-11-03 20:26:31.444400,134.0
1334,2022-11-03 20:26:31.534613,134.0
1335,2022-11-03 20:26:31.627687,134.0
1336,2022-11-03 20:26:31.722688,134.0
1337,2022-11-03 20:26:31.812230,134.0
1338,2022-11-03 20:26:31.906046,134.0
1339,2022-11-03 20:26:31.997811,134.0
1340,2022-11-03 20:26:32.092045,134.0
1341,2022-11-03 20:26:32.184637,134.0
1342,2022-11-03 20:26:32.280718,134.0
1343,2022-11-03 20:26:32.389060,134.0
1344,2022-11-03 20:26:32.490292,134.0
1345,2022-11-03 20:26:32.589298,124.0
1346,2022-11-03 20:26:32.686352,115.0
1347,2022-11-03 20:26:32.783626,115.0
1348,2022-11-03 20:26:32.880526,97.0
1349,2022-11-03 20:26:32.979183,96.0
1350,2022-11-03 20:26:33.082445,100.0
1351,2022-11-03 20:26:33.179447,99.0
1352,2022-11-03 20:26:33.272750,104.0
1353,2022-11-03 20:26:33.366552,112.0
1354,2022-11-03 20:26:33.462606,112.0
1355,2022-11-03 20:26:33.561038,125.0
1356,2022-11-03 20:26:33.653517,125.0
1357,2022-11-03 20:26:33.747787,134.0
1358,2022-11-03 20:26:33.845791,134.0
1359,2022-11-03 20:26:33.944062,133.0
1360,2022-11-03 20:26:34.040451,133.0
1361,2022-11-03 20:26:34.137567,133.0
1362,2022-11-03 20:26:34.236249,133.0
1363,2022-11-03 20:26:34.334565,133.0
1364,2022-11-03 20:26:34.433901,133.0
1365,2022-11-03 20:26:34.533308,133.0
1366,2022-11-03 20:26:34.631219,133.0
1367,2022-11-03 20:26:34.730536,133.0
1368,2022-11-03 20:26:34.830128,133.0
1369,2022-11-03 20:26:34.930532,134.0
1370,2022-11-03 20:26:35.027172,134.0
1371,2022-11-03 20:26:35.132113,134.0
1372,2022-11-03 20:26:35.241956,134.0
1373,2022-11-03 20:26:35.343289,134.0
1374,2022-11-03 20:26:35.445366,133.0
1375,2022-11-03 20:26:35.552364,134.0
1376,2022-11-03 20:26:35.655544,134.0
1377,2022-11-03 20:26:35.759274,134.0
1378,2022-11-03 20:26:35.859932,134.0
1379,2022-11-03 20:26:36.052421,134.0
1380,2022-11-03 20:26:36.181953,134.0
1381,2022-11-03 20:26:36.185954,134.0
1382,2022-11-03 20:26:36.300428,134.0
1383,2022-11-03 20:26:36.415764,134.0
1384,2022-11-03 20:26:36.535827,134.0
1385,2022-11-03 20:26:36.651676,134.0
1386,2022-11-03 20:26:36.768672,134.0
1387,2022-11-03 20:26:36.885493,135.0
1388,2022-11-03 20:26:37.004626,134.0
1389,2022-11-03 20:26:37.118961,135.0
1390,2022-11-03 20:26:37.241947,135.0
1391,2022-11-03 20:26:37.406466,135.0
1392,2022-11-03 20:26:37.530294,135.0
1393,2022-11-03 20:26:37.644750,135.0
1394,2022-11-03 20:26:37.756750,134.0
1395,2022-11-03 20:26:37.865750,134.0
1396,2022-11-03 20:26:37.974200,134.0
1397,2022-11-03 20:26:38.086645,134.0
1398,2022-11-03 20:26:38.197678,134.0
1399,2022-11-03 20:26:38.306675,134.0
1400,2022-11-03 20:26:38.416637,134.0
1401,2022-11-03 20:26:38.524637,134.0
1402,2022-11-03 20:26:38.634637,134.0
1403,2022-11-03 20:26:38.749993,134.0
1404,2022-11-03 20:26:38.865463,134.0
1405,2022-11-03 20:26:38.974852,134.0
1406,2022-11-03 20:26:39.092416,134.0
1407,2022-11-03 20:26:39.207660,133.0
1408,2022-11-03 20:26:39.327170,134.0
1409,2022-11-03 20:26:39.456036,134.0
1410,2022-11-03 20:26:39.582100,134.0
1411,2022-11-03 20:26:39.716192,134.0
1412,2022-11-03 20:26:39.837771,134.0
1413,2022-11-03 20:26:39.958436,134.0
1414,2022-11-03 20:26:40.077887,134.0
1415,2022-11-03 20:26:40.336889,134.0
1416,2022-11-03 20:26:40.474961,134.0
1417,2022-11-03 20:26:40.609867,134.0
1418,2022-11-03 20:26:40.735282,134.0
1419,2022-11-03 20:26:40.862710,134.0
1420,2022-11-03 20:26:40.989259,134.0
1421,2022-11-03 20:26:41.135815,134.0
1422,2022-11-03 20:26:41.267538,134.0
1423,2022-11-03 20:26:41.393310,134.0
1424,2022-11-03 20:26:41.524899,134.0
1425,2022-11-03 20:26:41.677331,134.0
1426,2022-11-03 20:26:41.996365,134.0
1427,2022-11-03 20:26:42.037368,134.0
1428,2022-11-03 20:26:42.078267,134.0
1429,2022-11-03 20:27:01.887309,134.0
1430,2022-11-03 20:27:01.915310,134.0
1431,2022-11-03 20:27:01.939311,134.0
1432,2022-11-03 20:27:01.965310,134.0
1433,2022-11-03 20:27:01.993309,134.0
1434,2022-11-03 20:27:02.019310,134.0
1435,2022-11-03 20:27:02.024312,134.0
1436,2022-11-03 20:27:02.050309,134.0
1437,2022-11-03 20:27:02.082940,134.0
1438,2022-11-03 20:27:02.108940,134.0
1439,2022-11-03 20:27:02.135557,134.0
1440,2022-11-03 20:27:02.160558,134.0
1441,2022-11-03 20:27:02.187558,134.0
1442,2022-11-03 20:27:02.217557,134.0
1443,2022-11-03 20:27:02.242557,134.0
1444,2022-11-03 20:27:02.277041,134.0
1445,2022-11-03 20:27:02.317549,134.0
1446,2022-11-03 20:27:02.354290,134.0
1447,2022-11-03 20:27:02.380094,134.0
1448,2022-11-03 20:27:02.405100,134.0
1449,2022-11-03 20:27:02.433093,134.0
1450,2022-11-03 20:27:02.458101,134.0
1451,2022-11-03 20:27:02.485096,134.0
1452,2022-11-03 20:27:02.516094,134.0
1453,2022-11-03 20:27:02.545094,134.0
1454,2022-11-03 20:27:02.580520,134.0
1455,2022-11-03 20:27:02.612210,134.0
1456,2022-11-03 20:27:02.643452,134.0
1457,2022-11-03 20:27:02.670453,134.0
1458,2022-11-03 20:27:02.697453,134.0
1459,2022-11-03 20:27:02.725454,134.0
1460,2022-11-03 20:27:02.752456,134.0
1461,2022-11-03 20:27:02.781452,134.0
1462,2022-11-03 20:27:02.808453,134.0
1463,2022-11-03 20:27:02.835453,134.0
1464,2022-11-03 20:27:02.864452,134.0
1465,2022-11-03 20:27:02.892454,134.0
1466,2022-11-03 20:27:02.917454,134.0
1467,2022-11-03 20:27:02.944453,134.0
1468,2022-11-03 20:27:02.970452,134.0
1469,2022-11-03 20:27:02.996454,134.0
1470,2022-11-03 20:27:03.024455,134.0
1471,2022-11-03 20:27:03.051455,134.0
1472,2022-11-03 20:27:03.079452,134.0
1473,2022-11-03 20:27:03.105455,134.0
1474,2022-11-03 20:27:03.131452,134.0
1475,2022-11-03 20:27:03.159456,134.0
1476,2022-11-03 20:27:03.188738,134.0
1477,2022-11-03 20:27:03.215731,134.0
1478,2022-11-03 20:27:03.243732,134.0
1479,2022-11-03 20:27:03.271732,134.0
1480,2022-11-03 20:27:03.303731,134.0
1481,2022-11-03 20:27:03.330731,134.0
1482,2022-11-03 20:27:03.361990,134.0
1483,2022-11-03 20:27:03.390991,134.0
1484,2022-11-03 20:27:03.418988,134.0
1485,2022-11-03 20:27:03.447879,134.0
1486,2022-11-03 20:27:03.476882,134.0
1487,2022-11-03 20:27:03.504880,134.0
1488,2022-11-03 20:27:03.538078,134.0
1489,2022-11-03 20:27:03.568076,134.0
1490,2022-11-03 20:27:03.598075,133.0
1491,2022-11-03 20:27:03.626077,133.0
1492,2022-11-03 20:27:03.655079,133.0
1493,2022-11-03 20:27:03.687075,133.0
1494,2022-11-03 20:27:03.718075,133.0
1495,2022-11-03 20:27:03.747075,133.0
1496,2022-11-03 20:27:03.777075,133.0
1497,2022-11-03 20:27:03.806077,133.0
1498,2022-11-03 20:27:03.836076,133.0
1499,2022-11-03 20:27:03.866075,133.0
1500,2022-11-03 20:27:03.896075,133.0
1501,2022-11-03 20:27:03.925078,133.0
1502,2022-11-03 20:27:03.955481,133.0
1503,2022-11-03 20:27:03.986477,133.0
1504,2022-11-03 20:27:04.018478,133.0
1505,2022-11-03 20:27:04.048478,133.0
1506,2022-11-03 20:27:04.081478,133.0
1507,2022-11-03 20:27:04.110477,133.0
1508,2022-11-03 20:27:04.139480,133.0
1509,2022-11-03 20:27:04.167478,133.0
1510,2022-11-03 20:27:04.198478,133.0
1511,2022-11-03 20:27:04.227479,133.0
1512,2022-11-03 20:27:04.256479,133.0
1513,2022-11-03 20:27:04.287637,133.0
1514,2022-11-03 20:27:04.317637,133.0
1515,2022-11-03 20:27:04.349637,133.0
1516,2022-11-03 20:27:04.382637,133.0
1517,2022-11-03 20:27:04.414794,133.0
1518,2022-11-03 20:27:04.447789,133.0
1519,2022-11-03 20:27:04.477789,134.0
1520,2022-11-03 20:27:04.510934,134.0
1521,2022-11-03 20:27:04.545426,134.0
1522,2022-11-03 20:27:04.578434,134.0
1523,2022-11-03 20:27:04.613432,134.0
1524,2022-11-03 20:27:04.644431,134.0
1525,2022-11-03 20:27:04.679431,134.0
1526,2022-11-03 20:27:04.713431,133.0
1527,2022-11-03 20:27:04.746431,133.0
1528,2022-11-03 20:27:04.779431,133.0
1529,2022-11-03 20:27:04.813556,134.0
1530,2022-11-03 20:27:04.846558,134.0
1531,2022-11-03 20:27:04.879557,134.0
1532,2022-11-03 20:27:04.912556,133.0
1533,2022-11-03 20:27:04.948625,133.0
1534,2022-11-03 20:27:04.981624,133.0
1535,2022-11-03 20:27:05.014623,133.0
1536,2022-11-03 20:27:05.047623,133.0
1537,2022-11-03 20:27:05.081623,133.0
1538,2022-11-03 20:27:05.115623,133.0
1539,2022-11-03 20:27:05.149624,134.0
1540,2022-11-03 20:27:05.184623,134.0
1541,2022-11-03 20:27:05.220623,134.0
1542,2022-11-03 20:27:05.253624,134.0
1543,2022-11-03 20:27:05.290629,134.0
1544,2022-11-03 20:27:05.323624,134.0
1545,2022-11-03 20:27:05.357624,133.0
1546,2022-11-03 20:27:05.392630,133.0
1547,2022-11-03 20:27:05.427624,133.0
1548,2022-11-03 20:27:05.463623,133.0
1549,2022-11-03 20:27:05.497624,133.0
1550,2022-11-03 20:27:05.532623,133.0
1551,2022-11-03 20:27:05.567700,133.0
1552,2022-11-03 20:27:05.608704,133.0
1553,2022-11-03 20:27:05.643697,133.0
1554,2022-11-03 20:27:05.678697,133.0
1555,2022-11-03 20:27:05.714698,133.0
1556,2022-11-03 20:27:05.749697,133.0
1557,2022-11-03 20:27:05.785697,133.0
1558,2022-11-03 20:27:05.821697,133.0
1559,2022-11-03 20:27:05.857697,133.0
1560,2022-11-03 20:27:05.893702,133.0
1561,2022-11-03 20:27:05.931696,133.0
1562,2022-11-03 20:27:05.967698,133.0
1563,2022-11-03 20:27:06.004702,133.0
1564,2022-11-03 20:27:06.040698,133.0
1565,2022-11-03 20:27:06.077697,133.0
1566,2022-11-03 20:27:06.115697,133.0
1567,2022-11-03 20:27:06.153835,133.0
1568,2022-11-03 20:27:06.192836,133.0
1569,2022-11-03 20:27:06.231835,133.0
1570,2022-11-03 20:27:06.268835,134.0
1571,2022-11-03 20:27:06.308100,134.0
1572,2022-11-03 20:27:06.346099,134.0
1573,2022-11-03 20:27:06.385291,134.0
1574,2022-11-03 20:27:06.425291,134.0
1575,2022-11-03 20:27:06.466291,134.0
1576,2022-11-03 20:27:06.510641,134.0
1577,2022-11-03 20:27:06.549140,134.0
1578,2022-11-03 20:27:06.588403,135.0
1579,2022-11-03 20:27:06.626400,135.0
1580,2022-11-03 20:27:06.665789,135.0
1581,2022-11-03 20:27:06.702789,135.0
1582,2022-11-03 20:27:06.741042,135.0
1583,2022-11-03 20:27:06.780584,135.0
1584,2022-11-03 20:27:06.819624,135.0
1585,2022-11-03 20:27:06.859629,135.0
1586,2022-11-03 20:27:06.900174,135.0
1587,2022-11-03 20:27:06.941667,127.0
1588,2022-11-03 20:27:06.982665,127.0
1589,2022-11-03 20:27:07.021025,119.0
1590,2022-11-03 20:27:07.059204,119.0
1591,2022-11-03 20:27:07.099685,119.0
1592,2022-11-03 20:27:07.139364,114.0
1593,2022-11-03 20:27:07.180526,114.0
1594,2022-11-03 20:27:07.219883,114.0
1595,2022-11-03 20:27:07.261507,114.0
1596,2022-11-03 20:27:07.308943,114.0
1597,2022-11-03 20:27:07.354122,119.0
1598,2022-11-03 20:27:07.399124,119.0
1599,2022-11-03 20:27:07.453154,119.0
1600,2022-11-03 20:27:07.494257,123.0
1601,2022-11-03 20:27:07.536257,123.0
1602,2022-11-03 20:27:07.577924,124.0
1603,2022-11-03 20:27:07.618364,124.0
1604,2022-11-03 20:27:07.669844,124.0
1605,2022-11-03 20:27:07.714165,128.0
1606,2022-11-03 20:27:07.756518,128.0
1607,2022-11-03 20:27:07.797521,131.0
1608,2022-11-03 20:27:07.839819,131.0
1609,2022-11-03 20:27:07.881856,131.0
1610,2022-11-03 20:27:07.922974,133.0
1611,2022-11-03 20:27:07.962973,133.0
1612,2022-11-03 20:27:08.001524,133.0
1613,2022-11-03 20:27:08.043895,133.0
1614,2022-11-03 20:27:08.083022,133.0
1615,2022-11-03 20:27:08.124023,133.0
1616,2022-11-03 20:27:08.168114,133.0
1617,2022-11-03 20:27:08.211203,133.0
1618,2022-11-03 20:27:08.254507,133.0
1619,2022-11-03 20:27:08.295925,133.0
1620,2022-11-03 20:27:08.337664,133.0
1621,2022-11-03 20:27:08.382385,133.0
1622,2022-11-03 20:27:08.425486,133.0
1623,2022-11-03 20:27:08.467892,134.0
1624,2022-11-03 20:27:08.511893,134.0
1625,2022-11-03 20:27:08.561830,134.0
1626,2022-11-03 20:27:08.607300,134.0
1627,2022-11-03 20:27:08.657727,134.0
1628,2022-11-03 20:27:08.699875,134.0
1629,2022-11-03 20:27:08.743176,134.0
1630,2022-11-03 20:27:08.782809,134.0
1631,2022-11-03 20:27:08.824811,133.0
1632,2022-11-03 20:27:08.866037,133.0
1633,2022-11-03 20:27:08.907072,133.0
1634,2022-11-03 20:27:08.949474,133.0
1635,2022-11-03 20:27:08.989475,133.0
1636,2022-11-03 20:27:09.031611,133.0
1637,2022-11-03 20:27:09.074056,133.0
1638,2022-11-03 20:27:09.115319,133.0
1639,2022-11-03 20:27:09.157318,133.0
1640,2022-11-03 20:27:09.198318,133.0
1641,2022-11-03 20:27:09.241644,133.0
1642,2022-11-03 20:27:09.283044,133.0
1643,2022-11-03 20:27:09.325043,133.0
1644,2022-11-03 20:27:09.366047,134.0
1645,2022-11-03 20:27:09.409158,134.0
1646,2022-11-03 20:27:09.452368,134.0
1647,2022-11-03 20:27:09.495730,134.0
1648,2022-11-03 20:27:09.537819,134.0
1649,2022-11-03 20:27:09.581806,134.0
1650,2022-11-03 20:27:09.625718,134.0
1651,2022-11-03 20:27:09.670722,134.0
1652,2022-11-03 20:27:09.719243,134.0
1653,2022-11-03 20:27:09.765487,134.0
1654,2022-11-03 20:27:09.810965,134.0
1655,2022-11-03 20:27:09.857330,134.0
1656,2022-11-03 20:27:09.906336,134.0
1657,2022-11-03 20:27:09.957581,134.0
1658,2022-11-03 20:27:10.010025,134.0
1659,2022-11-03 20:27:10.060510,134.0
1660,2022-11-03 20:27:10.110510,134.0
1661,2022-11-03 20:27:10.162770,134.0
1662,2022-11-03 20:27:10.218772,134.0
1663,2022-11-03 20:27:10.269606,134.0
1664,2022-11-03 20:27:10.327755,134.0
1665,2022-11-03 20:27:10.382936,134.0
1666,2022-11-03 20:27:10.446298,134.0
1667,2022-11-03 20:27:10.504147,134.0
1668,2022-11-03 20:27:10.562402,134.0
1669,2022-11-03 20:27:10.625216,134.0
1670,2022-11-03 20:27:10.690217,133.0
1671,2022-11-03 20:27:10.752509,133.0
1672,2022-11-03 20:27:10.813362,133.0
1673,2022-11-03 20:27:10.874366,133.0
1674,2022-11-03 20:27:10.937183,134.0
1675,2022-11-03 20:27:11.001620,134.0
1676,2022-11-03 20:27:11.062547,134.0
1677,2022-11-03 20:27:11.123701,134.0
1678,2022-11-03 20:27:11.186723,134.0
1679,2022-11-03 20:27:11.255315,134.0
1680,2022-11-03 20:27:11.326740,134.0
1681,2022-11-03 20:27:11.396105,134.0
1682,2022-11-03 20:27:11.475661,135.0
1683,2022-11-03 20:27:11.551607,135.0
1684,2022-11-03 20:27:11.628208,135.0
1685,2022-11-03 20:27:11.691443,135.0
1686,2022-11-03 20:27:11.758576,135.0
1687,2022-11-03 20:27:11.822756,135.0
1688,2022-11-03 20:27:11.887088,135.0
1689,2022-11-03 20:27:11.955158,134.0
1690,2022-11-03 20:27:12.023506,118.0
1691,2022-11-03 20:27:12.087506,118.0
1692,2022-11-03 20:27:12.152880,104.0
1693,2022-11-03 20:27:12.220172,104.0
1694,2022-11-03 20:27:12.295024,94.0
1695,2022-11-03 20:27:12.379793,90.0
1696,2022-11-03 20:27:12.451361,93.0
1697,2022-11-03 20:27:12.520007,93.0
1698,2022-11-03 20:27:12.587169,106.0
1699,2022-11-03 20:27:12.652520,106.0
1700,2022-11-03 20:27:12.719257,118.0
1701,2022-11-03 20:27:12.799563,126.0
1702,2022-11-03 20:27:12.875841,126.0
1703,2022-11-03 20:27:12.945284,131.0
1704,2022-11-03 20:27:13.013365,132.0
1705,2022-11-03 20:27:13.080365,132.0
1706,2022-11-03 20:27:13.149029,133.0
1707,2022-11-03 20:27:13.214372,133.0
1708,2022-11-03 20:27:13.280789,133.0
1709,2022-11-03 20:27:13.345532,133.0
1710,2022-11-03 20:27:13.413957,133.0
1711,2022-11-03 20:27:13.485842,133.0
1712,2022-11-03 20:27:13.552911,133.0
1713,2022-11-03 20:27:13.621316,133.0
1714,2022-11-03 20:27:13.691397,134.0
1715,2022-11-03 20:27:13.760530,134.0
1716,2022-11-03 20:27:13.827458,134.0
1717,2022-11-03 20:27:13.894498,133.0
1718,2022-11-03 20:27:13.965307,133.0
1719,2022-11-03 20:27:14.035306,133.0
1720,2022-11-03 20:27:14.105031,133.0
1721,2022-11-03 20:27:14.173034,133.0
1722,2022-11-03 20:27:14.243391,133.0
1723,2022-11-03 20:27:14.310842,133.0
1724,2022-11-03 20:27:14.378733,133.0
1725,2022-11-03 20:27:14.447143,133.0
1726,2022-11-03 20:27:14.520207,134.0
1727,2022-11-03 20:27:14.593648,134.0
1728,2022-11-03 20:27:14.662123,134.0
1729,2022-11-03 20:27:14.730669,134.0
1730,2022-11-03 20:27:14.804901,134.0
1731,2022-11-03 20:27:14.878483,134.0
1732,2022-11-03 20:27:14.953993,134.0
1733,2022-11-03 20:27:15.036839,134.0
1734,2022-11-03 20:27:15.111880,133.0
1735,2022-11-03 20:27:15.185880,133.0
1736,2022-11-03 20:27:15.258340,133.0
1737,2022-11-03 20:27:15.330752,133.0
1738,2022-11-03 20:27:15.405241,133.0
1739,2022-11-03 20:27:15.479433,133.0
1740,2022-11-03 20:27:15.552830,133.0
1741,2022-11-03 20:27:15.626363,133.0
1742,2022-11-03 20:27:15.698619,133.0
1743,2022-11-03 20:27:15.771157,133.0
1744,2022-11-03 20:27:15.842685,133.0
1745,2022-11-03 20:27:15.914682,133.0
1746,2022-11-03 20:27:15.991138,133.0
1747,2022-11-03 20:27:16.065740,133.0
1748,2022-11-03 20:27:16.136536,133.0
1749,2022-11-03 20:27:16.213018,134.0
1750,2022-11-03 20:27:16.289752,134.0
1751,2022-11-03 20:27:16.361245,134.0
1752,2022-11-03 20:27:16.435883,134.0
1753,2022-11-03 20:27:16.513031,134.0
1754,2022-11-03 20:27:16.590561,134.0
1755,2022-11-03 20:27:16.666011,134.0
1756,2022-11-03 20:27:16.739210,133.0
1757,2022-11-03 20:27:16.812379,133.0
1758,2022-11-03 20:27:16.894326,133.0
1759,2022-11-03 20:27:16.971430,133.0
1760,2022-11-03 20:27:17.051870,133.0
1761,2022-11-03 20:27:17.138470,133.0
1762,2022-11-03 20:27:17.215949,133.0
1763,2022-11-03 20:27:17.300529,132.0
1764,2022-11-03 20:27:17.388799,126.0
1765,2022-11-03 20:27:17.467264,116.0
1766,2022-11-03 20:27:17.549311,103.0
1767,2022-11-03 20:27:17.631280,103.0
1768,2022-11-03 20:27:17.711127,89.0
1769,2022-11-03 20:27:17.791395,78.0
1770,2022-11-03 20:27:17.873262,78.0
1771,2022-11-03 20:27:17.951262,73.0
1772,2022-11-03 20:27:18.029853,75.0
1773,2022-11-03 20:27:18.109624,75.0
1774,2022-11-03 20:27:18.190409,72.0
1775,2022-11-03 20:27:18.268813,82.0
1776,2022-11-03 20:27:18.348989,101.0
1777,2022-11-03 20:27:18.432349,101.0
1778,2022-11-03 20:27:18.512536,101.0
1779,2022-11-03 20:27:18.590220,134.0
1780,2022-11-03 20:27:18.672948,134.0
1781,2022-11-03 20:27:18.749977,134.0
1782,2022-11-03 20:27:18.831976,133.0
1783,2022-11-03 20:27:18.913846,133.0
1784,2022-11-03 20:27:18.993269,133.0
1785,2022-11-03 20:27:19.074807,133.0
1786,2022-11-03 20:27:19.168270,134.0
1787,2022-11-03 20:27:19.268956,134.0
1788,2022-11-03 20:27:19.355783,134.0
1789,2022-11-03 20:27:19.440256,134.0
1790,2022-11-03 20:27:19.522303,134.0
1791,2022-11-03 20:27:19.606783,134.0
1792,2022-11-03 20:27:19.695938,133.0
1793,2022-11-03 20:27:19.778538,133.0
1794,2022-11-03 20:27:19.865040,133.0
1795,2022-11-03 20:27:19.949080,133.0
1796,2022-11-03 20:27:20.032355,134.0
1797,2022-11-03 20:27:20.114571,134.0
1798,2022-11-03 20:27:20.200008,134.0
1799,2022-11-03 20:27:20.283767,134.0
1800,2022-11-03 20:27:20.366263,134.0
1801,2022-11-03 20:27:20.452589,134.0
1802,2022-11-03 20:27:20.539047,134.0
1803,2022-11-03 20:27:20.622451,134.0
1804,2022-11-03 20:27:20.705696,134.0
1805,2022-11-03 20:27:20.790842,134.0
1806,2022-11-03 20:27:20.875844,134.0
1807,2022-11-03 20:27:20.960033,134.0
1808,2022-11-03 20:27:21.047153,132.0
1809,2022-11-03 20:27:21.133552,127.0
1810,2022-11-03 20:27:21.219073,119.0
1811,2022-11-03 20:27:21.310531,119.0
1812,2022-11-03 20:27:21.404327,114.0
1813,2022-11-03 20:27:21.496657,102.0
1814,2022-11-03 20:27:21.588919,90.0
1815,2022-11-03 20:27:21.678051,80.0
1816,2022-11-03 20:27:21.770167,79.0
1817,2022-11-03 20:27:21.859935,79.0
1818,2022-11-03 20:27:21.947149,85.0
1819,2022-11-03 20:27:22.038500,99.0
1820,2022-11-03 20:27:22.126594,116.0
1821,2022-11-03 20:27:22.217198,125.0
1822,2022-11-03 20:27:22.320225,135.0
1823,2022-11-03 20:27:22.416494,135.0
1824,2022-11-03 20:27:22.509322,135.0
1825,2022-11-03 20:27:22.601966,135.0
1826,2022-11-03 20:27:22.694020,135.0
1827,2022-11-03 20:27:22.786672,134.0
1828,2022-11-03 20:27:22.877225,134.0
1829,2022-11-03 20:27:22.973986,134.0
1830,2022-11-03 20:27:23.067715,134.0
1831,2022-11-03 20:27:23.159529,133.0
1832,2022-11-03 20:27:23.252702,134.0
1833,2022-11-03 20:27:23.351111,134.0
1834,2022-11-03 20:27:23.444244,134.0
1835,2022-11-03 20:27:23.536407,134.0
1836,2022-11-03 20:27:23.628933,134.0
1837,2022-11-03 20:27:23.717465,134.0
1838,2022-11-03 20:27:23.809197,134.0
1839,2022-11-03 20:27:23.903190,134.0
1840,2022-11-03 20:27:23.997618,134.0
1841,2022-11-03 20:27:24.087317,134.0
1842,2022-11-03 20:27:24.177679,134.0
1843,2022-11-03 20:27:24.264677,134.0
1844,2022-11-03 20:27:24.355738,135.0
1845,2022-11-03 20:27:24.445306,135.0
1846,2022-11-03 20:27:24.538309,135.0
1847,2022-11-03 20:27:24.627001,134.0
1848,2022-11-03 20:27:24.717585,134.0
1849,2022-11-03 20:27:24.812640,134.0
1850,2022-11-03 20:27:24.907764,134.0
1851,2022-11-03 20:27:25.001021,135.0
1852,2022-11-03 20:27:25.091063,135.0
1853,2022-11-03 20:27:25.183270,126.0
1854,2022-11-03 20:27:25.279630,110.0
1855,2022-11-03 20:27:25.373086,104.0
1856,2022-11-03 20:27:25.468580,95.0
1857,2022-11-03 20:27:25.574303,95.0
1858,2022-11-03 20:27:25.675296,110.0
1859,2022-11-03 20:27:25.775676,124.0
1860,2022-11-03 20:27:25.874676,124.0
1861,2022-11-03 20:27:25.973484,128.0
1862,2022-11-03 20:27:26.073099,132.0
1863,2022-11-03 20:27:26.168811,134.0
1864,2022-11-03 20:27:26.264840,134.0
1865,2022-11-03 20:27:26.362734,134.0
1866,2022-11-03 20:27:26.460243,134.0
1867,2022-11-03 20:27:26.559530,134.0
1868,2022-11-03 20:27:26.658352,134.0
1869,2022-11-03 20:27:26.755656,134.0
1870,2022-11-03 20:27:26.854081,134.0
1871,2022-11-03 20:27:26.952099,134.0
1872,2022-11-03 20:27:27.054840,134.0
1873,2022-11-03 20:27:27.153407,134.0
1874,2022-11-03 20:27:27.255952,134.0
1875,2022-11-03 20:27:27.373402,134.0
1876,2022-11-03 20:27:27.477401,134.0
1877,2022-11-03 20:27:27.586829,134.0
1878,2022-11-03 20:27:27.701752,134.0
1879,2022-11-03 20:27:27.805751,134.0
1880,2022-11-03 20:27:27.911268,134.0
1881,2022-11-03 20:27:28.017075,134.0
1882,2022-11-03 20:27:28.130698,134.0
1883,2022-11-03 20:27:28.236081,134.0
1884,2022-11-03 20:27:28.341798,134.0
1885,2022-11-03 20:27:28.539091,135.0
1886,2022-11-03 20:27:28.545090,135.0
1887,2022-11-03 20:27:28.679864,135.0
1888,2022-11-03 20:27:28.804887,135.0
1889,2022-11-03 20:27:28.929207,134.0
1890,2022-11-03 20:27:29.050202,134.0
1891,2022-11-03 20:27:29.183517,134.0
1892,2022-11-03 20:27:29.301219,134.0
1893,2022-11-03 20:27:29.422933,134.0
1894,2022-11-03 20:27:29.534101,134.0
1895,2022-11-03 20:27:29.682835,134.0
1896,2022-11-03 20:27:29.799248,134.0
1897,2022-11-03 20:27:29.925678,134.0
1898,2022-11-03 20:27:30.041185,134.0
1899,2022-11-03 20:27:30.162772,134.0
1900,2022-11-03 20:27:30.274771,134.0
1901,2022-11-03 20:27:30.393798,134.0
1902,2022-11-03 20:27:30.526393,134.0
1903,2022-11-03 20:27:30.657585,134.0
1904,2022-11-03 20:27:30.777783,134.0
1905,2022-11-03 20:27:30.899865,134.0
1906,2022-11-03 20:27:31.025481,134.0
1907,2022-11-03 20:27:31.151134,134.0
1908,2022-11-03 20:27:31.272816,134.0
1909,2022-11-03 20:27:31.392817,134.0
1910,2022-11-03 20:27:31.516008,134.0
1911,2022-11-03 20:27:31.634526,134.0
1912,2022-11-03 20:27:31.750091,134.0
1913,2022-11-03 20:27:31.870991,134.0
1914,2022-11-03 20:27:31.993992,134.0
1915,2022-11-03 20:27:32.115891,134.0
1916,2022-11-03 20:27:32.245671,134.0
1917,2022-11-03 20:27:32.383295,134.0
1918,2022-11-03 20:27:32.513354,134.0
1919,2022-11-03 20:27:32.635015,134.0
1920,2022-11-03 20:27:32.757260,134.0
1921,2022-11-03 20:27:32.877259,134.0
1922,2022-11-03 20:27:32.995720,134.0
1923,2022-11-03 20:27:33.113093,134.0
1924,2022-11-03 20:27:33.234136,134.0
1925,2022-11-03 20:27:33.348643,133.0
1926,2022-11-03 20:27:33.475644,134.0
1927,2022-11-03 20:27:33.648625,134.0
1928,2022-11-03 20:27:33.796506,134.0
1929,2022-11-03 20:27:34.099828,133.0
1930,2022-11-03 20:27:34.131822,133.0
1931,2022-11-03 20:27:34.171675,133.0
1932,2022-11-03 20:27:47.304753,133.0
1933,2022-11-03 20:27:47.333290,133.0
1934,2022-11-03 20:27:47.359761,133.0
1935,2022-11-03 20:27:47.386761,133.0
1936,2022-11-03 20:27:47.413762,133.0
1937,2022-11-03 20:27:47.439765,133.0
1938,2022-11-03 20:27:47.443762,133.0
1939,2022-11-03 20:27:47.465761,133.0
1940,2022-11-03 20:27:47.491796,133.0
1941,2022-11-03 20:27:47.514762,133.0
1942,2022-11-03 20:27:47.544762,133.0
1943,2022-11-03 20:27:47.571765,133.0
1944,2022-11-03 20:27:47.596761,133.0
1945,2022-11-03 20:27:47.622763,134.0
1946,2022-11-03 20:27:47.650761,134.0
1947,2022-11-03 20:27:47.677762,134.0
1948,2022-11-03 20:27:47.705089,133.0
1949,2022-11-03 20:27:47.731087,133.0
1950,2022-11-03 20:27:47.756089,133.0
1951,2022-11-03 20:27:47.779087,133.0
1952,2022-11-03 20:27:47.805088,133.0
1953,2022-11-03 20:27:47.832088,133.0
1954,2022-11-03 20:27:47.857088,133.0
1955,2022-11-03 20:27:47.884173,133.0
1956,2022-11-03 20:27:47.911178,133.0
1957,2022-11-03 20:27:47.941180,133.0
1958,2022-11-03 20:27:47.974423,133.0
1959,2022-11-03 20:27:48.007426,133.0
1960,2022-11-03 20:27:48.037852,133.0
1961,2022-11-03 20:27:48.066845,133.0
1962,2022-11-03 20:27:48.092845,133.0
1963,2022-11-03 20:27:48.121849,133.0
1964,2022-11-03 20:27:48.148845,133.0
1965,2022-11-03 20:27:48.175855,133.0
1966,2022-11-03 20:27:48.204848,133.0
1967,2022-11-03 20:27:48.233853,133.0
1968,2022-11-03 20:27:48.261845,133.0
1969,2022-11-03 20:27:48.290199,133.0
1970,2022-11-03 20:27:48.317198,133.0
1971,2022-11-03 20:27:48.344200,133.0
1972,2022-11-03 20:27:48.370711,133.0
1973,2022-11-03 20:27:48.398707,133.0
1974,2022-11-03 20:27:48.424928,133.0
1975,2022-11-03 20:27:48.451929,133.0
1976,2022-11-03 20:27:48.480927,133.0
1977,2022-11-03 20:27:48.508928,133.0
1978,2022-11-03 20:27:48.536930,133.0
1979,2022-11-03 20:27:48.567927,133.0
1980,2022-11-03 20:27:48.597928,134.0
1981,2022-11-03 20:27:48.628928,134.0
1982,2022-11-03 20:27:48.657928,134.0
1983,2022-11-03 20:27:48.684927,134.0
1984,2022-11-03 20:27:48.718927,134.0
1985,2022-11-03 20:27:48.749349,134.0
1986,2022-11-03 20:27:48.779349,134.0
1987,2022-11-03 20:27:48.809350,134.0
1988,2022-11-03 20:27:48.838354,134.0
1989,2022-11-03 20:27:48.869350,134.0
1990,2022-11-03 20:27:48.898350,134.0
1991,2022-11-03 20:27:48.929354,133.0
1992,2022-11-03 20:27:48.959353,133.0
1993,2022-11-03 20:27:48.988707,133.0
1994,2022-11-03 20:27:49.017705,133.0
1995,2022-11-03 20:27:49.049197,133.0
1996,2022-11-03 20:27:49.079282,133.0
1997,2022-11-03 20:27:49.110282,133.0
1998,2022-11-03 20:27:49.141283,133.0
1999,2022-11-03 20:27:49.172283,133.0
2000,2022-11-03 20:27:49.203979,133.0
2001,2022-11-03 20:27:49.240535,134.0
2002,2022-11-03 20:27:49.273918,134.0
2003,2022-11-03 20:27:49.309353,134.0
2004,2022-11-03 20:27:49.343653,134.0
2005,2022-11-03 20:27:49.379282,134.0
2006,2022-11-03 20:27:49.413897,134.0
2007,2022-11-03 20:27:49.449932,134.0
2008,2022-11-03 20:27:49.490700,134.0
2009,2022-11-03 20:27:49.528186,134.0
2010,2022-11-03 20:27:49.568915,134.0
2011,2022-11-03 20:27:49.602914,134.0
2012,2022-11-03 20:27:49.640914,134.0
2013,2022-11-03 20:27:49.669422,134.0
2014,2022-11-03 20:27:49.699794,134.0
2015,2022-11-03 20:27:49.729795,134.0
2016,2022-11-03 20:27:49.762955,134.0
2017,2022-11-03 20:27:49.792954,134.0
2018,2022-11-03 20:27:49.822956,134.0
2019,2022-11-03 20:27:49.853955,134.0
2020,2022-11-03 20:27:49.883954,134.0
2021,2022-11-03 20:27:49.914954,134.0
2022,2022-11-03 20:27:49.946374,134.0
2023,2022-11-03 20:27:49.977373,134.0
2024,2022-11-03 20:27:50.010374,134.0
2025,2022-11-03 20:27:50.042379,134.0
2026,2022-11-03 20:27:50.075375,134.0
2027,2022-11-03 20:27:50.107378,134.0
2028,2022-11-03 20:27:50.139374,134.0
2029,2022-11-03 20:27:50.170375,134.0
2030,2022-11-03 20:27:50.202374,134.0
2031,2022-11-03 20:27:50.234375,134.0
2032,2022-11-03 20:27:50.267373,134.0
2033,2022-11-03 20:27:50.298723,134.0
2034,2022-11-03 20:27:50.330819,134.0
2035,2022-11-03 20:27:50.363820,134.0
2036,2022-11-03 20:27:50.397821,134.0
2037,2022-11-03 20:27:50.429820,134.0
2038,2022-11-03 20:27:50.462820,134.0
2039,2022-11-03 20:27:50.495924,134.0
2040,2022-11-03 20:27:50.536053,134.0
2041,2022-11-03 20:27:50.568051,134.0
2042,2022-11-03 20:27:50.602052,134.0
2043,2022-11-03 20:27:50.637053,134.0
2044,2022-11-03 20:27:50.676056,134.0
2045,2022-11-03 20:27:50.711053,134.0
2046,2022-11-03 20:27:50.748196,134.0
2047,2022-11-03 20:27:50.783569,134.0
2048,2022-11-03 20:27:50.818567,134.0
2049,2022-11-03 20:27:50.852567,134.0
2050,2022-11-03 20:27:50.888569,134.0
2051,2022-11-03 20:27:50.924572,134.0
2052,2022-11-03 20:27:50.961569,134.0
2053,2022-11-03 20:27:50.994064,134.0
2054,2022-11-03 20:27:51.031064,134.0
2055,2022-11-03 20:27:51.066064,134.0
2056,2022-11-03 20:27:51.102064,134.0
2057,2022-11-03 20:27:51.139133,134.0
2058,2022-11-03 20:27:51.176128,134.0
2059,2022-11-03 20:27:51.212464,134.0
2060,2022-11-03 20:27:51.246466,134.0
2061,2022-11-03 20:27:51.281665,134.0
2062,2022-11-03 20:27:51.316665,134.0
2063,2022-11-03 20:27:51.352666,134.0
2064,2022-11-03 20:27:51.387670,134.0
2065,2022-11-03 20:27:51.423665,134.0
2066,2022-11-03 20:27:51.459147,134.0
2067,2022-11-03 20:27:51.497578,134.0
2068,2022-11-03 20:27:51.536662,134.0
2069,2022-11-03 20:27:51.573746,134.0
2070,2022-11-03 20:27:51.610745,134.0
2071,2022-11-03 20:27:51.649744,134.0
2072,2022-11-03 20:27:51.685744,134.0
2073,2022-11-03 20:27:51.721747,134.0
2074,2022-11-03 20:27:51.758745,134.0
2075,2022-11-03 20:27:51.796745,134.0
2076,2022-11-03 20:27:51.835744,134.0
2077,2022-11-03 20:27:51.873748,134.0
2078,2022-11-03 20:27:51.911744,134.0
2079,2022-11-03 20:27:51.947744,134.0
2080,2022-11-03 20:27:51.987746,134.0
2081,2022-11-03 20:27:52.024745,134.0
2082,2022-11-03 20:27:52.062744,134.0
2083,2022-11-03 20:27:52.103745,134.0
2084,2022-11-03 20:27:52.142525,134.0
2085,2022-11-03 20:27:52.182554,134.0
2086,2022-11-03 20:27:52.219555,134.0
2087,2022-11-03 20:27:52.260252,134.0
2088,2022-11-03 20:27:52.307140,134.0
2089,2022-11-03 20:27:52.352860,134.0
2090,2022-11-03 20:27:52.394292,134.0
2091,2022-11-03 20:27:52.432386,134.0
2092,2022-11-03 20:27:52.472703,134.0
2093,2022-11-03 20:27:52.514301,134.0
2094,2022-11-03 20:27:52.554792,134.0
2095,2022-11-03 20:27:52.597798,134.0
2096,2022-11-03 20:27:52.645847,134.0
2097,2022-11-03 20:27:52.690075,134.0
2098,2022-11-03 20:27:52.742571,134.0
2099,2022-11-03 20:27:52.810162,134.0
2100,2022-11-03 20:27:52.862766,134.0
2101,2022-11-03 20:27:52.910963,134.0
2102,2022-11-03 20:27:52.960453,134.0
2103,2022-11-03 20:27:53.010453,135.0
2104,2022-11-03 20:27:53.062344,135.0
2105,2022-11-03 20:27:53.118868,135.0
2106,2022-11-03 20:27:53.178182,135.0
2107,2022-11-03 20:27:53.232289,126.0
2108,2022-11-03 20:27:53.288420,126.0
2109,2022-11-03 20:27:53.342421,118.0
2110,2022-11-03 20:27:53.395793,118.0
2111,2022-11-03 20:27:53.449079,118.0
2112,2022-11-03 20:27:53.503079,106.0
2113,2022-11-03 20:27:53.555919,106.0
2114,2022-11-03 20:27:53.611019,106.0
2115,2022-11-03 20:27:53.667016,106.0
2116,2022-11-03 20:27:53.723107,116.0
2117,2022-11-03 20:27:53.778102,116.0
2118,2022-11-03 20:27:53.834153,121.0
2119,2022-11-03 20:27:53.891528,126.0
2120,2022-11-03 20:27:53.947524,126.0
2121,2022-11-03 20:27:54.003863,126.0
2122,2022-11-03 20:27:54.059861,132.0
2123,2022-11-03 20:27:54.117922,132.0
2124,2022-11-03 20:27:54.175772,132.0
2125,2022-11-03 20:27:54.230928,133.0
2126,2022-11-03 20:27:54.286993,133.0
2127,2022-11-03 20:27:54.343247,134.0
2128,2022-11-03 20:27:54.398671,134.0
2129,2022-11-03 20:27:54.456929,134.0
2130,2022-11-03 20:27:54.513943,134.0
2131,2022-11-03 20:27:54.571228,134.0
2132,2022-11-03 20:27:54.630226,134.0
2133,2022-11-03 20:27:54.686635,135.0
2134,2022-11-03 20:27:54.746119,135.0
2135,2022-11-03 20:27:54.801054,135.0
2136,2022-11-03 20:27:54.858047,135.0
2137,2022-11-03 20:27:54.919049,135.0
2138,2022-11-03 20:27:54.980065,135.0
2139,2022-11-03 20:27:55.038572,135.0
2140,2022-11-03 20:27:55.093761,135.0
2141,2022-11-03 20:27:55.152763,135.0
2142,2022-11-03 20:27:55.208951,135.0
2143,2022-11-03 20:27:55.267474,135.0
2144,2022-11-03 20:27:55.325474,135.0
2145,2022-11-03 20:27:55.383476,135.0
2146,2022-11-03 20:27:55.438998,135.0
2147,2022-11-03 20:27:55.496600,135.0
2148,2022-11-03 20:27:55.550708,135.0
2149,2022-11-03 20:27:55.603710,135.0
2150,2022-11-03 20:27:55.660374,135.0
2151,2022-11-03 20:27:55.725477,135.0
2152,2022-11-03 20:27:55.783515,135.0
2153,2022-11-03 20:27:55.841518,135.0
2154,2022-11-03 20:27:55.899515,135.0
2155,2022-11-03 20:27:55.958708,135.0
2156,2022-11-03 20:27:56.014963,126.0
2157,2022-11-03 20:27:56.076665,126.0
2158,2022-11-03 20:27:56.136775,117.0
2159,2022-11-03 20:27:56.194717,117.0
2160,2022-11-03 20:27:56.251717,104.0
2161,2022-11-03 20:27:56.311995,104.0
2162,2022-11-03 20:27:56.367994,95.0
2163,2022-11-03 20:27:56.425231,95.0
2164,2022-11-03 20:27:56.483233,89.0
2165,2022-11-03 20:27:56.542663,89.0
2166,2022-11-03 20:27:56.600661,104.0
2167,2022-11-03 20:27:56.658660,104.0
2168,2022-11-03 20:27:56.716997,117.0
2169,2022-11-03 20:27:56.782957,122.0
2170,2022-11-03 20:27:56.843593,122.0
2171,2022-11-03 20:27:56.904123,129.0
2172,2022-11-03 20:27:56.966075,129.0
2173,2022-11-03 20:27:57.032559,133.0
2174,2022-11-03 20:27:57.097542,133.0
2175,2022-11-03 20:27:57.163073,134.0
2176,2022-11-03 20:27:57.226146,134.0
2177,2022-11-03 20:27:57.293142,134.0
2178,2022-11-03 20:27:57.372946,134.0
2179,2022-11-03 20:27:57.440151,134.0
2180,2022-11-03 20:27:57.505851,134.0
2181,2022-11-03 20:27:57.568293,134.0
2182,2022-11-03 20:27:57.631584,134.0
2183,2022-11-03 20:27:57.696726,134.0
2184,2022-11-03 20:27:57.758223,134.0
2185,2022-11-03 20:27:57.822767,134.0
2186,2022-11-03 20:27:57.887784,134.0
2187,2022-11-03 20:27:57.951782,134.0
2188,2022-11-03 20:27:58.018783,134.0
2189,2022-11-03 20:27:58.080261,134.0
2190,2022-11-03 20:27:58.143544,135.0
2191,2022-11-03 20:27:58.206798,135.0
2192,2022-11-03 20:27:58.272186,134.0
2193,2022-11-03 20:27:58.334184,134.0
2194,2022-11-03 20:27:58.400230,134.0
2195,2022-11-03 20:27:58.461454,134.0
2196,2022-11-03 20:27:58.523597,134.0
2197,2022-11-03 20:27:58.589571,134.0
2198,2022-11-03 20:27:58.654323,134.0
2199,2022-11-03 20:27:58.721704,134.0
2200,2022-11-03 20:27:58.785760,134.0
2201,2022-11-03 20:27:58.852284,134.0
2202,2022-11-03 20:27:58.917276,134.0
2203,2022-11-03 20:27:58.981764,134.0
2204,2022-11-03 20:27:59.054447,134.0
2205,2022-11-03 20:27:59.122052,134.0
2206,2022-11-03 20:27:59.192320,134.0
2207,2022-11-03 20:27:59.261622,134.0
2208,2022-11-03 20:27:59.328794,134.0
2209,2022-11-03 20:27:59.397205,134.0
2210,2022-11-03 20:27:59.466262,134.0
2211,2022-11-03 20:27:59.532469,134.0
2212,2022-11-03 20:27:59.598774,134.0
2213,2022-11-03 20:27:59.662860,134.0
2214,2022-11-03 20:27:59.729729,134.0
2215,2022-11-03 20:27:59.800227,135.0
2216,2022-11-03 20:27:59.864704,135.0
2217,2022-11-03 20:27:59.935608,135.0
2218,2022-11-03 20:28:00.010937,135.0
2219,2022-11-03 20:28:00.102495,135.0
2220,2022-11-03 20:28:00.171938,135.0
2221,2022-11-03 20:28:00.242457,134.0
2222,2022-11-03 20:28:00.312048,134.0
2223,2022-11-03 20:28:00.382931,135.0
2224,2022-11-03 20:28:00.454231,134.0
2225,2022-11-03 20:28:00.525829,134.0
2226,2022-11-03 20:28:00.601292,133.0
2227,2022-11-03 20:28:00.668799,129.0
2228,2022-11-03 20:28:00.738404,129.0
2229,2022-11-03 20:28:00.816646,122.0
2230,2022-11-03 20:28:00.887112,113.0
2231,2022-11-03 20:28:00.958471,113.0
2232,2022-11-03 20:28:01.030903,107.0
2233,2022-11-03 20:28:01.106216,107.0
2234,2022-11-03 20:28:01.175287,95.0
2235,2022-11-03 20:28:01.246526,85.0
2236,2022-11-03 20:28:01.325951,73.0
2237,2022-11-03 20:28:01.405568,73.0
2238,2022-11-03 20:28:01.478609,84.0
2239,2022-11-03 20:28:01.553166,98.0
2240,2022-11-03 20:28:01.630470,98.0
2241,2022-11-03 20:28:01.706762,106.0
2242,2022-11-03 20:28:01.782541,125.0
2243,2022-11-03 20:28:01.857879,125.0
2244,2022-11-03 20:28:01.933591,135.0
2245,2022-11-03 20:28:02.011477,135.0
2246,2022-11-03 20:28:02.088719,135.0
2247,2022-11-03 20:28:02.164880,134.0
2248,2022-11-03 20:28:02.240956,134.0
2249,2022-11-03 20:28:02.327237,134.0
2250,2022-11-03 20:28:02.409331,134.0
2251,2022-11-03 20:28:02.490695,134.0
2252,2022-11-03 20:28:02.569034,134.0
2253,2022-11-03 20:28:02.648031,134.0
2254,2022-11-03 20:28:02.726140,134.0
2255,2022-11-03 20:28:02.804139,134.0
2256,2022-11-03 20:28:02.883235,134.0
2257,2022-11-03 20:28:02.960732,134.0
2258,2022-11-03 20:28:03.039741,134.0
2259,2022-11-03 20:28:03.117774,134.0
2260,2022-11-03 20:28:03.199568,134.0
2261,2022-11-03 20:28:03.275892,134.0
2262,2022-11-03 20:28:03.354230,134.0
2263,2022-11-03 20:28:03.439289,134.0
2264,2022-11-03 20:28:03.521424,134.0
2265,2022-11-03 20:28:03.602142,134.0
2266,2022-11-03 20:28:03.684216,134.0
2267,2022-11-03 20:28:03.764343,134.0
2268,2022-11-03 20:28:03.842641,134.0
2269,2022-11-03 20:28:03.923673,134.0
2270,2022-11-03 20:28:04.002757,134.0
2271,2022-11-03 20:28:04.084394,134.0
2272,2022-11-03 20:28:04.163870,134.0
2273,2022-11-03 20:28:04.249132,131.0
2274,2022-11-03 20:28:04.329627,125.0
2275,2022-11-03 20:28:04.408881,125.0
2276,2022-11-03 20:28:04.492492,115.0
2277,2022-11-03 20:28:04.574603,102.0
2278,2022-11-03 20:28:04.657556,96.0
2279,2022-11-03 20:28:04.762837,96.0
2280,2022-11-03 20:28:04.844787,91.0
2281,2022-11-03 20:28:04.928845,89.0
2282,2022-11-03 20:28:05.012700,101.0
2283,2022-11-03 20:28:05.094481,116.0
2284,2022-11-03 20:28:05.178483,116.0
2285,2022-11-03 20:28:05.269092,124.0
2286,2022-11-03 20:28:05.354472,134.0
2287,2022-11-03 20:28:05.442003,134.0
2288,2022-11-03 20:28:05.535471,134.0
2289,2022-11-03 20:28:05.624496,135.0
2290,2022-11-03 20:28:05.709658,135.0
2291,2022-11-03 20:28:05.798175,135.0
2292,2022-11-03 20:28:05.886229,135.0
2293,2022-11-03 20:28:05.977445,135.0
2294,2022-11-03 20:28:06.065545,135.0
2295,2022-11-03 20:28:06.156356,134.0
2296,2022-11-03 20:28:06.244467,134.0
2297,2022-11-03 20:28:06.331387,134.0
2298,2022-11-03 20:28:06.415839,134.0
2299,2022-11-03 20:28:06.500728,134.0
2300,2022-11-03 20:28:06.588194,134.0
2301,2022-11-03 20:28:06.673192,134.0
2302,2022-11-03 20:28:06.757655,134.0
2303,2022-11-03 20:28:06.846010,134.0
2304,2022-11-03 20:28:06.930422,134.0
2305,2022-11-03 20:28:07.020840,134.0
2306,2022-11-03 20:28:07.109981,134.0
2307,2022-11-03 20:28:07.201548,134.0
2308,2022-11-03 20:28:07.299888,134.0
2309,2022-11-03 20:28:07.402496,134.0
2310,2022-11-03 20:28:07.494979,134.0
2311,2022-11-03 20:28:07.589451,134.0
2312,2022-11-03 20:28:07.685477,134.0
2313,2022-11-03 20:28:07.779968,134.0
2314,2022-11-03 20:28:07.872626,134.0
2315,2022-11-03 20:28:07.966822,134.0
2316,2022-11-03 20:28:08.058386,134.0
2317,2022-11-03 20:28:08.150473,135.0
2318,2022-11-03 20:28:08.240963,134.0
2319,2022-11-03 20:28:08.336292,134.0
2320,2022-11-03 20:28:08.428666,134.0
2321,2022-11-03 20:28:08.518137,134.0
2322,2022-11-03 20:28:08.610297,134.0
2323,2022-11-03 20:28:08.707036,134.0
2324,2022-11-03 20:28:08.800408,134.0
2325,2022-11-03 20:28:08.901656,125.0
2326,2022-11-03 20:28:08.995895,117.0
2327,2022-11-03 20:28:09.089231,104.0
2328,2022-11-03 20:28:09.181543,104.0
2329,2022-11-03 20:28:09.275865,94.0
2330,2022-11-03 20:28:09.367115,88.0
2331,2022-11-03 20:28:09.466610,102.0
2332,2022-11-03 20:28:09.558925,109.0
2333,2022-11-03 20:28:09.656945,120.0
2334,2022-11-03 20:28:09.764849,128.0
2335,2022-11-03 20:28:09.860267,128.0
2336,2022-11-03 20:28:09.958373,132.0
2337,2022-11-03 20:28:10.055473,133.0
2338,2022-11-03 20:28:10.148467,133.0
2339,2022-11-03 20:28:10.243739,133.0
2340,2022-11-03 20:28:10.336162,133.0
2341,2022-11-03 20:28:10.429612,133.0
2342,2022-11-03 20:28:10.525165,133.0
2343,2022-11-03 20:28:10.621720,134.0
2344,2022-11-03 20:28:10.719938,133.0
2345,2022-11-03 20:28:10.820174,133.0
2346,2022-11-03 20:28:10.917623,133.0
2347,2022-11-03 20:28:11.021722,133.0
2348,2022-11-03 20:28:11.120555,133.0
2349,2022-11-03 20:28:11.303768,133.0
2350,2022-11-03 20:28:11.309822,133.0
